smiles,qed,scaffold_smiles,source
CC(C)n1c(C(=O)NCc2ccccc2)nc(-c2ccc(F)cc2)c1CCC(O)CC(O)CC(=O)O,0.3023424012331181,O=C(NCc1ccccc1)c1nc(-c2ccccc2)c[nH]1,train
O=C(CC(O)CC(CCc1n(c(nc1-c1ccc(F)cc1)C(=O)NCc1ccccc1)C(C)C)O)O,0.3023424012331181,O=C(NCc1ccccc1)c1nc(-c2ccccc2)c[nH]1,train
O=C(c1n(C(C)C)c(c(-c2ccc(F)cc2)n1)CCC(CC(O)CC(=O)O)O)NCc1ccccc1,0.3023424012331181,O=C(NCc1ccccc1)c1nc(-c2ccccc2)c[nH]1,train
c1cc(F)ccc1-c1nc(C(=O)NCc2ccccc2)n(c1CCC(CC(CC(O)=O)O)O)C(C)C,0.3023424012331181,O=C(NCc1ccccc1)c1nc(-c2ccccc2)c[nH]1,train
O=C(CC(O)CC(CCc1n(c(C(NCc2ccccc2)=O)nc1-c1ccc(cc1)F)C(C)C)O)O,0.3023424012331181,O=C(NCc1ccccc1)c1nc(-c2ccccc2)c[nH]1,train
n1(c(nc(c1CCC(O)CC(CC(O)=O)O)-c1ccc(cc1)F)C(NCc1ccccc1)=O)C(C)C,0.3023424012331181,O=C(NCc1ccccc1)c1nc(-c2ccccc2)c[nH]1,train
c1(CNC(=O)c2n(c(c(n2)-c2ccc(F)cc2)CCC(CC(O)CC(O)=O)O)C(C)C)ccccc1,0.3023424012331181,O=C(NCc1ccccc1)c1nc(-c2ccccc2)c[nH]1,train
C(c1n(c(C(NCc2ccccc2)=O)nc1-c1ccc(cc1)F)C(C)C)CC(O)CC(CC(O)=O)O,0.3023424012331181,O=C(NCc1ccccc1)c1nc(-c2ccccc2)c[nH]1,train
N(Cc1ccccc1)C(c1nc(c(CCC(O)CC(O)CC(=O)O)n1C(C)C)-c1ccc(cc1)F)=O,0.3023424012331181,O=C(NCc1ccccc1)c1nc(-c2ccccc2)c[nH]1,train
c1(n(C(C)C)c(nc1-c1ccc(cc1)F)C(NCc1ccccc1)=O)CCC(O)CC(O)CC(=O)O,0.3023424012331181,O=C(NCc1ccccc1)c1nc(-c2ccccc2)c[nH]1,train
c1c(CNC(=O)c2n(c(CCC(CC(CC(O)=O)O)O)c(-c3ccc(F)cc3)n2)C(C)C)cccc1,0.3023424012331181,O=C(NCc1ccccc1)c1nc(-c2ccccc2)c[nH]1,train
N(C(=O)c1n(c(CCC(O)CC(CC(=O)O)O)c(-c2ccc(F)cc2)n1)C(C)C)Cc1ccccc1,0.3023424012331181,O=C(NCc1ccccc1)c1nc(-c2ccccc2)c[nH]1,train
C(C(=O)O)C(O)CC(O)CCc1n(C(C)C)c(nc1-c1ccc(F)cc1)C(NCc1ccccc1)=O,0.3023424012331181,O=C(NCc1ccccc1)c1nc(-c2ccccc2)c[nH]1,train
c1(-c2ccc(F)cc2)nc(n(C(C)C)c1CCC(O)CC(O)CC(O)=O)C(=O)NCc1ccccc1,0.3023424012331181,O=C(NCc1ccccc1)c1nc(-c2ccccc2)c[nH]1,train
c1cc(F)ccc1-c1nc(C(=O)NCc2ccccc2)n(C(C)C)c1CCC(O)CC(CC(=O)O)O,0.3023424012331181,O=C(NCc1ccccc1)c1nc(-c2ccccc2)c[nH]1,train
CC(C)c1c(C(=O)NCc2cccc(-c3ccccc3F)c2)nc(-c2ccc(F)cc2)n1CCC(O)CC(O)CC(=O)O,0.1622265912770942,O=C(NCc1cccc(-c2ccccc2)c1)c1c[nH]c(-c2ccccc2)n1,train
c1c(c(ccc1)-c1cc(ccc1)CNC(=O)c1nc(-c2ccc(cc2)F)n(CCC(O)CC(O)CC(O)=O)c1C(C)C)F,0.1622265912770942,O=C(NCc1cccc(-c2ccccc2)c1)c1c[nH]c(-c2ccccc2)n1,train
O=C(NCc1cc(ccc1)-c1c(cccc1)F)c1nc(-c2ccc(F)cc2)n(CCC(O)CC(O)CC(O)=O)c1C(C)C,0.1622265912770942,O=C(NCc1cccc(-c2ccccc2)c1)c1c[nH]c(-c2ccccc2)n1,train
c1c(ccc(F)c1)-c1n(c(C(C)C)c(C(NCc2cccc(c2)-c2ccccc2F)=O)n1)CCC(O)CC(O)CC(O)=O,0.1622265912770942,O=C(NCc1cccc(-c2ccccc2)c1)c1c[nH]c(-c2ccccc2)n1,train
c1cc(F)ccc1-c1n(c(C(C)C)c(C(NCc2cc(ccc2)-c2ccccc2F)=O)n1)CCC(O)CC(CC(O)=O)O,0.1622265912770942,O=C(NCc1cccc(-c2ccccc2)c1)c1c[nH]c(-c2ccccc2)n1,train
c1(-c2ccc(cc2)F)n(c(c(n1)C(NCc1cccc(c1)-c1ccccc1F)=O)C(C)C)CCC(CC(O)CC(O)=O)O,0.1622265912770942,O=C(NCc1cccc(-c2ccccc2)c1)c1c[nH]c(-c2ccccc2)n1,train
c1(n(CCC(CC(O)CC(=O)O)O)c(-c2ccc(F)cc2)nc1C(=O)NCc1cc(-c2ccccc2F)ccc1)C(C)C,0.1622265912770942,O=C(NCc1cccc(-c2ccccc2)c1)c1c[nH]c(-c2ccccc2)n1,train
c1(C(C)C)c(C(=O)NCc2cc(-c3ccccc3F)ccc2)nc(n1CCC(CC(CC(=O)O)O)O)-c1ccc(F)cc1,0.1622265912770942,O=C(NCc1cccc(-c2ccccc2)c1)c1c[nH]c(-c2ccccc2)n1,train
c1ccc(-c2c(cccc2)F)cc1CNC(=O)c1nc(-c2ccc(F)cc2)n(c1C(C)C)CCC(CC(O)CC(O)=O)O,0.1622265912770942,O=C(NCc1cccc(-c2ccccc2)c1)c1c[nH]c(-c2ccccc2)n1,train
n1(c(-c2ccc(F)cc2)nc(c1C(C)C)C(NCc1cccc(-c2ccccc2F)c1)=O)CCC(O)CC(CC(=O)O)O,0.1622265912770942,O=C(NCc1cccc(-c2ccccc2)c1)c1c[nH]c(-c2ccccc2)n1,train
c1(cccc(CNC(=O)c2nc(-c3ccc(F)cc3)n(c2C(C)C)CCC(O)CC(CC(=O)O)O)c1)-c1c(F)cccc1,0.1622265912770942,O=C(NCc1cccc(-c2ccccc2)c1)c1c[nH]c(-c2ccccc2)n1,train
c1(cc(CNC(=O)c2nc(-c3ccc(F)cc3)n(CCC(CC(O)CC(O)=O)O)c2C(C)C)ccc1)-c1c(F)cccc1,0.1622265912770942,O=C(NCc1cccc(-c2ccccc2)c1)c1c[nH]c(-c2ccccc2)n1,train
c1cccc(-c2cccc(CNC(c3nc(-c4ccc(cc4)F)n(c3C(C)C)CCC(O)CC(O)CC(=O)O)=O)c2)c1F,0.1622265912770942,O=C(NCc1cccc(-c2ccccc2)c1)c1c[nH]c(-c2ccccc2)n1,train
CC(C)c1c(C(NCc2cccc(-c3ccccc3F)c2)=O)nc(-c2ccc(F)cc2)n1CCC(CC(O)CC(=O)O)O,0.1622265912770942,O=C(NCc1cccc(-c2ccccc2)c1)c1c[nH]c(-c2ccccc2)n1,train
c1cc(ccc1-c1n(c(c(n1)C(=O)NCc1cc(-c2c(cccc2)F)ccc1)C(C)C)CCC(CC(O)CC(O)=O)O)F,0.1622265912770942,O=C(NCc1cccc(-c2ccccc2)c1)c1c[nH]c(-c2ccccc2)n1,train
CC(C)c1c(C(=O)NC(CO)c2ccccc2)nc(-c2ccc(F)cc2)n1CCC(O)CC(O)CC(=O)O,0.229430439080518,O=C(NCc1ccccc1)c1c[nH]c(-c2ccccc2)n1,train
C(C(CCn1c(C(C)C)c(C(=O)NC(c2ccccc2)CO)nc1-c1ccc(cc1)F)O)C(O)CC(=O)O,0.229430439080518,O=C(NCc1ccccc1)c1c[nH]c(-c2ccccc2)n1,train
CC(C)c1c(C(NC(CO)c2ccccc2)=O)nc(n1CCC(O)CC(O)CC(O)=O)-c1ccc(cc1)F,0.229430439080518,O=C(NCc1ccccc1)c1c[nH]c(-c2ccccc2)n1,train
C(O)(CC(O)CCn1c(-c2ccc(F)cc2)nc(C(=O)NC(CO)c2ccccc2)c1C(C)C)CC(=O)O,0.229430439080518,O=C(NCc1ccccc1)c1c[nH]c(-c2ccccc2)n1,train
n1c(-c2ccc(cc2)F)n(c(c1C(=O)NC(CO)c1ccccc1)C(C)C)CCC(CC(CC(=O)O)O)O,0.229430439080518,O=C(NCc1ccccc1)c1c[nH]c(-c2ccccc2)n1,train
c1ccc(cc1)C(CO)NC(=O)c1nc(n(c1C(C)C)CCC(O)CC(CC(=O)O)O)-c1ccc(cc1)F,0.229430439080518,O=C(NCc1ccccc1)c1c[nH]c(-c2ccccc2)n1,train
c1c(ccc(F)c1)-c1n(c(c(n1)C(NC(CO)c1ccccc1)=O)C(C)C)CCC(O)CC(CC(=O)O)O,0.229430439080518,O=C(NCc1ccccc1)c1c[nH]c(-c2ccccc2)n1,train
c1ccccc1C(NC(=O)c1c(C(C)C)n(CCC(CC(O)CC(=O)O)O)c(n1)-c1ccc(F)cc1)CO,0.229430439080518,O=C(NCc1ccccc1)c1c[nH]c(-c2ccccc2)n1,train
c1(-c2ccc(cc2)F)nc(c(n1CCC(O)CC(CC(=O)O)O)C(C)C)C(=O)NC(c1ccccc1)CO,0.229430439080518,O=C(NCc1ccccc1)c1c[nH]c(-c2ccccc2)n1,train
OC(=O)CC(O)CC(O)CCn1c(C(C)C)c(nc1-c1ccc(cc1)F)C(NC(CO)c1ccccc1)=O,0.229430439080518,O=C(NCc1ccccc1)c1c[nH]c(-c2ccccc2)n1,train
c1cccc(C(NC(=O)c2c(n(c(n2)-c2ccc(F)cc2)CCC(CC(O)CC(=O)O)O)C(C)C)CO)c1,0.229430439080518,O=C(NCc1ccccc1)c1c[nH]c(-c2ccccc2)n1,train
C(O)(CC(O)CC(CCn1c(c(nc1-c1ccc(F)cc1)C(=O)NC(CO)c1ccccc1)C(C)C)O)=O,0.229430439080518,O=C(NCc1ccccc1)c1c[nH]c(-c2ccccc2)n1,train
c1(-c2ccc(F)cc2)nc(C(=O)NC(CO)c2ccccc2)c(C(C)C)n1CCC(CC(O)CC(O)=O)O,0.229430439080518,O=C(NCc1ccccc1)c1c[nH]c(-c2ccccc2)n1,train
c1cccc(C(NC(=O)c2c(n(c(n2)-c2ccc(F)cc2)CCC(CC(CC(=O)O)O)O)C(C)C)CO)c1,0.229430439080518,O=C(NCc1ccccc1)c1c[nH]c(-c2ccccc2)n1,train
c1(nc(n(c1C(C)C)CCC(CC(O)CC(O)=O)O)-c1ccc(F)cc1)C(=O)NC(c1ccccc1)CO,0.229430439080518,O=C(NCc1ccccc1)c1c[nH]c(-c2ccccc2)n1,train
Cc1cc(C)cc(-c2c(-c3ccc(F)cc3)nc(C(C)C)n2C=CC(O)CC(O)CC(=O)O)c1,0.4051777590798206,c1ccc(-c2nc[nH]c2-c2ccccc2)cc1,train
O=C(CC(O)CC(C=Cn1c(C(C)C)nc(-c2ccc(cc2)F)c1-c1cc(cc(c1)C)C)O)O,0.4051777590798206,c1ccc(-c2nc[nH]c2-c2ccccc2)cc1,train
OC(=O)CC(O)CC(C=Cn1c(C(C)C)nc(c1-c1cc(C)cc(c1)C)-c1ccc(cc1)F)O,0.4051777590798206,c1ccc(-c2nc[nH]c2-c2ccccc2)cc1,train
c1c(-c2c(nc(n2C=CC(O)CC(O)CC(=O)O)C(C)C)-c2ccc(F)cc2)cc(cc1C)C,0.4051777590798206,c1ccc(-c2nc[nH]c2-c2ccccc2)cc1,train
OC(CC(O)CC(O)=O)C=Cn1c(nc(-c2ccc(cc2)F)c1-c1cc(C)cc(c1)C)C(C)C,0.4051777590798206,c1ccc(-c2nc[nH]c2-c2ccccc2)cc1,train
OC(C=Cn1c(-c2cc(C)cc(c2)C)c(nc1C(C)C)-c1ccc(cc1)F)CC(CC(=O)O)O,0.4051777590798206,c1ccc(-c2nc[nH]c2-c2ccccc2)cc1,train
n1c(-c2ccc(F)cc2)c(-c2cc(C)cc(c2)C)n(C=CC(CC(O)CC(=O)O)O)c1C(C)C,0.4051777590798206,c1ccc(-c2nc[nH]c2-c2ccccc2)cc1,train
c1(ccc(-c2nc(C(C)C)n(C=CC(CC(CC(O)=O)O)O)c2-c2cc(cc(C)c2)C)cc1)F,0.4051777590798206,c1ccc(-c2nc[nH]c2-c2ccccc2)cc1,train
C(C(O)CC(=O)O)C(O)C=Cn1c(C(C)C)nc(c1-c1cc(cc(c1)C)C)-c1ccc(cc1)F,0.4051777590798206,c1ccc(-c2nc[nH]c2-c2ccccc2)cc1,train
c1(n(c(C(C)C)nc1-c1ccc(cc1)F)C=CC(CC(CC(=O)O)O)O)-c1cc(cc(C)c1)C,0.4051777590798206,c1ccc(-c2nc[nH]c2-c2ccccc2)cc1,train
c1(C)cc(cc(c1)-c1c(nc(n1C=CC(O)CC(CC(=O)O)O)C(C)C)-c1ccc(F)cc1)C,0.4051777590798206,c1ccc(-c2nc[nH]c2-c2ccccc2)cc1,train
C(O)(CC(O)=O)CC(C=Cn1c(c(-c2ccc(F)cc2)nc1C(C)C)-c1cc(cc(C)c1)C)O,0.4051777590798206,c1ccc(-c2nc[nH]c2-c2ccccc2)cc1,train
C(=CC(CC(O)CC(O)=O)O)n1c(c(nc1C(C)C)-c1ccc(cc1)F)-c1cc(C)cc(C)c1,0.4051777590798206,c1ccc(-c2nc[nH]c2-c2ccccc2)cc1,train
n1(c(-c2cc(C)cc(c2)C)c(nc1C(C)C)-c1ccc(cc1)F)C=CC(O)CC(CC(=O)O)O,0.4051777590798206,c1ccc(-c2nc[nH]c2-c2ccccc2)cc1,train
C(C)(C)c1nc(c(-c2cc(cc(c2)C)C)n1C=CC(O)CC(O)CC(O)=O)-c1ccc(F)cc1,0.4051777590798206,c1ccc(-c2nc[nH]c2-c2ccccc2)cc1,train
CNc1cccc(-c2nc(C(C)C)n(C=CC(O)CC(O)CC(=O)O)c2-c2ccc(F)cc2)c1,0.3477321497212847,c1ccc(-c2nc[nH]c2-c2ccccc2)cc1,train
n1c(c(-c2ccc(F)cc2)n(c1C(C)C)C=CC(O)CC(CC(O)=O)O)-c1cccc(NC)c1,0.3477321497212847,c1ccc(-c2nc[nH]c2-c2ccccc2)cc1,train
C(CC(C=Cn1c(nc(c1-c1ccc(cc1)F)-c1cc(ccc1)NC)C(C)C)O)(CC(=O)O)O,0.3477321497212847,c1ccc(-c2nc[nH]c2-c2ccccc2)cc1,train
c1(ccc(cc1)F)-c1n(c(nc1-c1cc(NC)ccc1)C(C)C)C=CC(CC(CC(=O)O)O)O,0.3477321497212847,c1ccc(-c2nc[nH]c2-c2ccccc2)cc1,train
c1(NC)cc(ccc1)-c1nc(n(c1-c1ccc(F)cc1)C=CC(O)CC(CC(=O)O)O)C(C)C,0.3477321497212847,c1ccc(-c2nc[nH]c2-c2ccccc2)cc1,train
c1(ccc(cc1)F)-c1n(C=CC(O)CC(CC(=O)O)O)c(C(C)C)nc1-c1cc(ccc1)NC,0.3477321497212847,c1ccc(-c2nc[nH]c2-c2ccccc2)cc1,train
C(C(CC(O)CC(=O)O)O)=Cn1c(-c2ccc(F)cc2)c(nc1C(C)C)-c1cc(ccc1)NC,0.3477321497212847,c1ccc(-c2nc[nH]c2-c2ccccc2)cc1,train
n1(c(nc(c1-c1ccc(F)cc1)-c1cc(ccc1)NC)C(C)C)C=CC(O)CC(CC(O)=O)O,0.3477321497212847,c1ccc(-c2nc[nH]c2-c2ccccc2)cc1,train
c1(ccc(cc1)-c1n(C=CC(O)CC(CC(=O)O)O)c(C(C)C)nc1-c1cccc(NC)c1)F,0.3477321497212847,c1ccc(-c2nc[nH]c2-c2ccccc2)cc1,train
CNc1cc(-c2nc(C(C)C)n(c2-c2ccc(cc2)F)C=CC(O)CC(CC(O)=O)O)ccc1,0.3477321497212847,c1ccc(-c2nc[nH]c2-c2ccccc2)cc1,train
c1cc(-c2c(n(c(C(C)C)n2)C=CC(O)CC(CC(=O)O)O)-c2ccc(F)cc2)cc(c1)NC,0.3477321497212847,c1ccc(-c2nc[nH]c2-c2ccccc2)cc1,train
c1(NC)cc(ccc1)-c1nc(C(C)C)n(c1-c1ccc(F)cc1)C=CC(O)CC(O)CC(=O)O,0.3477321497212847,c1ccc(-c2nc[nH]c2-c2ccccc2)cc1,train
OC(C=Cn1c(c(nc1C(C)C)-c1cccc(NC)c1)-c1ccc(cc1)F)CC(O)CC(=O)O,0.3477321497212847,c1ccc(-c2nc[nH]c2-c2ccccc2)cc1,train
c1cc(ccc1-c1n(C=CC(CC(CC(=O)O)O)O)c(nc1-c1cccc(NC)c1)C(C)C)F,0.3477321497212847,c1ccc(-c2nc[nH]c2-c2ccccc2)cc1,train
c1c(F)ccc(c1)-c1c(-c2cc(ccc2)NC)nc(C(C)C)n1C=CC(CC(CC(O)=O)O)O,0.3477321497212847,c1ccc(-c2nc[nH]c2-c2ccccc2)cc1,train
CC(C)c1c(C(=O)NCc2ccc(-c3ccccc3)cc2)nc(-c2ccc(F)cc2)n1CCC(O)CC(O)CC(=O)O,0.170122726284258,O=C(NCc1ccc(-c2ccccc2)cc1)c1c[nH]c(-c2ccccc2)n1,train
c1(n(c(nc1C(=O)NCc1ccc(cc1)-c1ccccc1)-c1ccc(F)cc1)CCC(O)CC(O)CC(O)=O)C(C)C,0.170122726284258,O=C(NCc1ccc(-c2ccccc2)cc1)c1c[nH]c(-c2ccccc2)n1,train
C(NC(=O)c1nc(n(c1C(C)C)CCC(CC(CC(O)=O)O)O)-c1ccc(F)cc1)c1ccc(-c2ccccc2)cc1,0.170122726284258,O=C(NCc1ccc(-c2ccccc2)cc1)c1c[nH]c(-c2ccccc2)n1,train
c1(-c2nc(C(=O)NCc3ccc(-c4ccccc4)cc3)c(n2CCC(O)CC(CC(O)=O)O)C(C)C)ccc(cc1)F,0.170122726284258,O=C(NCc1ccc(-c2ccccc2)cc1)c1c[nH]c(-c2ccccc2)n1,train
c1cc(CNC(=O)c2nc(-c3ccc(cc3)F)n(c2C(C)C)CCC(O)CC(O)CC(O)=O)ccc1-c1ccccc1,0.170122726284258,O=C(NCc1ccc(-c2ccccc2)cc1)c1c[nH]c(-c2ccccc2)n1,train
c1(C(C)C)n(c(-c2ccc(cc2)F)nc1C(NCc1ccc(cc1)-c1ccccc1)=O)CCC(CC(CC(=O)O)O)O,0.170122726284258,O=C(NCc1ccc(-c2ccccc2)cc1)c1c[nH]c(-c2ccccc2)n1,train
C(=O)(c1c(n(CCC(CC(CC(O)=O)O)O)c(n1)-c1ccc(F)cc1)C(C)C)NCc1ccc(cc1)-c1ccccc1,0.170122726284258,O=C(NCc1ccc(-c2ccccc2)cc1)c1c[nH]c(-c2ccccc2)n1,train
CC(c1c(C(NCc2ccc(cc2)-c2ccccc2)=O)nc(n1CCC(CC(O)CC(O)=O)O)-c1ccc(cc1)F)C,0.170122726284258,O=C(NCc1ccc(-c2ccccc2)cc1)c1c[nH]c(-c2ccccc2)n1,train
C(n1c(nc(c1C(C)C)C(=O)NCc1ccc(cc1)-c1ccccc1)-c1ccc(F)cc1)CC(O)CC(O)CC(=O)O,0.170122726284258,O=C(NCc1ccc(-c2ccccc2)cc1)c1c[nH]c(-c2ccccc2)n1,train
CC(c1c(C(NCc2ccc(-c3ccccc3)cc2)=O)nc(-c2ccc(F)cc2)n1CCC(O)CC(O)CC(O)=O)C,0.170122726284258,O=C(NCc1ccc(-c2ccccc2)cc1)c1c[nH]c(-c2ccccc2)n1,train
C(O)(CC(O)CCn1c(c(nc1-c1ccc(cc1)F)C(=O)NCc1ccc(-c2ccccc2)cc1)C(C)C)CC(O)=O,0.170122726284258,O=C(NCc1ccc(-c2ccccc2)cc1)c1c[nH]c(-c2ccccc2)n1,train
Fc1ccc(-c2nc(c(C(C)C)n2CCC(CC(CC(=O)O)O)O)C(=O)NCc2ccc(-c3ccccc3)cc2)cc1,0.170122726284258,O=C(NCc1ccc(-c2ccccc2)cc1)c1c[nH]c(-c2ccccc2)n1,train
C(C(O)CC(O)=O)C(CCn1c(C(C)C)c(nc1-c1ccc(cc1)F)C(=O)NCc1ccc(cc1)-c1ccccc1)O,0.170122726284258,O=C(NCc1ccc(-c2ccccc2)cc1)c1c[nH]c(-c2ccccc2)n1,train
c1cc(ccc1CNC(c1nc(n(c1C(C)C)CCC(O)CC(CC(=O)O)O)-c1ccc(cc1)F)=O)-c1ccccc1,0.170122726284258,O=C(NCc1ccc(-c2ccccc2)cc1)c1c[nH]c(-c2ccccc2)n1,train
C(C(O)CC(=O)O)C(CCn1c(-c2ccc(cc2)F)nc(c1C(C)C)C(NCc1ccc(-c2ccccc2)cc1)=O)O,0.170122726284258,O=C(NCc1ccc(-c2ccccc2)cc1)c1c[nH]c(-c2ccccc2)n1,train
O=C(O)CC(O)CC(O)C=Cn1c(C(F)(F)F)nc(-c2ccc(F)cc2)c1-c1ccc(F)cc1,0.4090872997217439,c1ccc(-c2nc[nH]c2-c2ccccc2)cc1,train
c1c(ccc(c1)F)-c1c(n(c(C(F)(F)F)n1)C=CC(O)CC(O)CC(=O)O)-c1ccc(cc1)F,0.4090872997217439,c1ccc(-c2nc[nH]c2-c2ccccc2)cc1,train
FC(c1n(C=CC(O)CC(O)CC(=O)O)c(-c2ccc(cc2)F)c(-c2ccc(F)cc2)n1)(F)F,0.4090872997217439,c1ccc(-c2nc[nH]c2-c2ccccc2)cc1,train
OC(C=Cn1c(-c2ccc(cc2)F)c(-c2ccc(F)cc2)nc1C(F)(F)F)CC(O)CC(=O)O,0.4090872997217439,c1ccc(-c2nc[nH]c2-c2ccccc2)cc1,train
c1cc(ccc1F)-c1n(c(nc1-c1ccc(F)cc1)C(F)(F)F)C=CC(O)CC(CC(=O)O)O,0.4090872997217439,c1ccc(-c2nc[nH]c2-c2ccccc2)cc1,train
Fc1ccc(cc1)-c1nc(n(C=CC(CC(O)CC(O)=O)O)c1-c1ccc(F)cc1)C(F)(F)F,0.4090872997217439,c1ccc(-c2nc[nH]c2-c2ccccc2)cc1,train
c1(C(F)(F)F)nc(c(-c2ccc(F)cc2)n1C=CC(O)CC(O)CC(O)=O)-c1ccc(F)cc1,0.4090872997217439,c1ccc(-c2nc[nH]c2-c2ccccc2)cc1,train
C(C(O)C=Cn1c(C(F)(F)F)nc(c1-c1ccc(F)cc1)-c1ccc(cc1)F)C(O)CC(=O)O,0.4090872997217439,c1ccc(-c2nc[nH]c2-c2ccccc2)cc1,train
c1(c(-c2ccc(cc2)F)n(c(n1)C(F)(F)F)C=CC(CC(O)CC(O)=O)O)-c1ccc(cc1)F,0.4090872997217439,c1ccc(-c2nc[nH]c2-c2ccccc2)cc1,train
FC(F)(c1n(c(c(n1)-c1ccc(F)cc1)-c1ccc(cc1)F)C=CC(CC(CC(=O)O)O)O)F,0.4090872997217439,c1ccc(-c2nc[nH]c2-c2ccccc2)cc1,train
C(CC(O)C=Cn1c(nc(-c2ccc(cc2)F)c1-c1ccc(F)cc1)C(F)(F)F)(O)CC(O)=O,0.4090872997217439,c1ccc(-c2nc[nH]c2-c2ccccc2)cc1,train
c1cc(ccc1F)-c1c(-c2ccc(cc2)F)n(c(n1)C(F)(F)F)C=CC(CC(CC(=O)O)O)O,0.4090872997217439,c1ccc(-c2nc[nH]c2-c2ccccc2)cc1,train
c1(F)ccc(-c2c(n(C=CC(O)CC(O)CC(=O)O)c(n2)C(F)(F)F)-c2ccc(F)cc2)cc1,0.4090872997217439,c1ccc(-c2nc[nH]c2-c2ccccc2)cc1,train
c1cc(ccc1F)-c1nc(C(F)(F)F)n(c1-c1ccc(F)cc1)C=CC(O)CC(O)CC(O)=O,0.4090872997217439,c1ccc(-c2nc[nH]c2-c2ccccc2)cc1,train
c1cc(ccc1-c1nc(C(F)(F)F)n(c1-c1ccc(F)cc1)C=CC(CC(CC(O)=O)O)O)F,0.4090872997217439,c1ccc(-c2nc[nH]c2-c2ccccc2)cc1,train
CCC(C)(C)C(=O)OC1C(CO)C(C)C=C2C=CC(C)C(CCC3CC(O)CC(=O)O3)C21,0.5756024126748828,O=C1CCCC(CCC2CC=CC3=CCCCC32)O1,train
C1=CC2=CC(C(CO)C(OC(C(CC)(C)C)=O)C2C(C1C)CCC1CC(O)CC(O1)=O)C,0.5756024126748828,O=C1CCCC(CCC2CC=CC3=CCCCC32)O1,train
C(O)C1C(C)C=C2C=CC(C)C(CCC3OC(=O)CC(O)C3)C2C1OC(=O)C(C)(C)CC,0.5756024126748828,O=C1CCCC(CCC2CC=CC3=CCCCC32)O1,train
CC(C)(C(OC1C(CO)C(C=C2C1C(C(C)C=C2)CCC1CC(CC(O1)=O)O)C)=O)CC,0.5756024126748828,O=C1CCCC(CCC2CC=CC3=CCCCC32)O1,train
C1(C2C(OC(C(C)(C)CC)=O)C(CO)C(C)C=C2C=CC1C)CCC1CC(O)CC(=O)O1,0.5756024126748828,O=C1CCCC(CCC2CC=CC3=CCCCC32)O1,train
O=C1CC(CC(O1)CCC1C(C)C=CC2=CC(C(CO)C(C21)OC(=O)C(C)(C)CC)C)O,0.5756024126748828,O=C1CCCC(CCC2CC=CC3=CCCCC32)O1,train
O1C(CC(O)CC1CCC1C(C)C=CC2C1C(OC(=O)C(CC)(C)C)C(C(C=2)C)CO)=O,0.5756024126748828,O=C1CCCC(CCC2CC=CC3=CCCCC32)O1,train
C1(OC(CCC2C(C)C=CC3=CC(C)C(CO)C(C32)OC(=O)C(CC)(C)C)CC(C1)O)=O,0.5756024126748828,O=C1CCCC(CCC2CC=CC3=CCCCC32)O1,train
CC1C(CCC2CC(CC(=O)O2)O)C2C(C(CO)C(C=C2C=C1)C)OC(=O)C(CC)(C)C,0.5756024126748828,O=C1CCCC(CCC2CC=CC3=CCCCC32)O1,train
C(C1OC(CC(O)C1)=O)CC1C2C(C(C(C)C=C2C=CC1C)CO)OC(=O)C(C)(C)CC,0.5756024126748828,O=C1CCCC(CCC2CC=CC3=CCCCC32)O1,train
O=C(C(C)(CC)C)OC1C(CO)C(C=C2C1C(C(C=C2)C)CCC1OC(CC(C1)O)=O)C,0.5756024126748828,O=C1CCCC(CCC2CC=CC3=CCCCC32)O1,train
O=C1OC(CC(C1)O)CCC1C(C=CC2=CC(C(CO)C(C12)OC(C(CC)(C)C)=O)C)C,0.5756024126748828,O=C1CCCC(CCC2CC=CC3=CCCCC32)O1,train
C1C(=O)OC(CCC2C3C(C(C(C=C3C=CC2C)C)CO)OC(=O)C(C)(C)CC)CC1O,0.5756024126748828,O=C1CCCC(CCC2CC=CC3=CCCCC32)O1,train
C1(C=C2C(C(CCC3CC(CC(O3)=O)O)C(C=C2)C)C(C1CO)OC(=O)C(CC)(C)C)C,0.5756024126748828,O=C1CCCC(CCC2CC=CC3=CCCCC32)O1,train
C1(C)C=C2C(C(C(C)C=C2)CCC2CC(O)CC(=O)O2)C(OC(C(CC)(C)C)=O)C1CO,0.5756024126748828,O=C1CCCC(CCC2CC=CC3=CCCCC32)O1,train
CC(C)c1nc(N(C)S(C)(=O)=O)nc(-c2ccc(F)cc2)c1C=CC(O)CC(O)CC(=O)O,0.4698020340853984,c1ccc(-c2ccncn2)cc1,train
CN(c1nc(-c2ccc(cc2)F)c(c(C(C)C)n1)C=CC(O)CC(CC(O)=O)O)S(C)(=O)=O,0.4698020340853984,c1ccc(-c2ccncn2)cc1,train
C(O)(=O)CC(CC(C=Cc1c(nc(N(C)S(=O)(=O)C)nc1-c1ccc(F)cc1)C(C)C)O)O,0.4698020340853984,c1ccc(-c2ccncn2)cc1,train
c1c(ccc(c1)F)-c1nc(nc(c1C=CC(CC(O)CC(O)=O)O)C(C)C)N(C)S(C)(=O)=O,0.4698020340853984,c1ccc(-c2ccncn2)cc1,train
C(O)(=O)CC(O)CC(O)C=Cc1c(nc(N(C)S(=O)(=O)C)nc1C(C)C)-c1ccc(cc1)F,0.4698020340853984,c1ccc(-c2ccncn2)cc1,train
C(C)(C)c1c(C=CC(O)CC(O)CC(O)=O)c(-c2ccc(cc2)F)nc(N(S(=O)(C)=O)C)n1,0.4698020340853984,c1ccc(-c2ccncn2)cc1,train
O=S(N(C)c1nc(C(C)C)c(c(n1)-c1ccc(cc1)F)C=CC(CC(O)CC(O)=O)O)(=O)C,0.4698020340853984,c1ccc(-c2ccncn2)cc1,train
N(C)(S(=O)(C)=O)c1nc(c(c(-c2ccc(cc2)F)n1)C=CC(O)CC(CC(=O)O)O)C(C)C,0.4698020340853984,c1ccc(-c2ccncn2)cc1,train
CN(c1nc(C(C)C)c(c(-c2ccc(F)cc2)n1)C=CC(CC(O)CC(=O)O)O)S(C)(=O)=O,0.4698020340853984,c1ccc(-c2ccncn2)cc1,train
c1(-c2ccc(cc2)F)nc(nc(C(C)C)c1C=CC(CC(CC(O)=O)O)O)N(S(C)(=O)=O)C,0.4698020340853984,c1ccc(-c2ccncn2)cc1,train
N(C)(c1nc(c(c(C(C)C)n1)C=CC(O)CC(CC(O)=O)O)-c1ccc(F)cc1)S(=O)(C)=O,0.4698020340853984,c1ccc(-c2ccncn2)cc1,train
C(O)(CC(CC(=O)O)O)C=Cc1c(nc(N(C)S(=O)(C)=O)nc1-c1ccc(F)cc1)C(C)C,0.4698020340853984,c1ccc(-c2ccncn2)cc1,train
Fc1ccc(-c2c(c(C(C)C)nc(N(C)S(=O)(=O)C)n2)C=CC(O)CC(O)CC(O)=O)cc1,0.4698020340853984,c1ccc(-c2ccncn2)cc1,train
N(S(=O)(C)=O)(c1nc(c(c(n1)-c1ccc(cc1)F)C=CC(CC(CC(O)=O)O)O)C(C)C)C,0.4698020340853984,c1ccc(-c2ccncn2)cc1,train
C(=Cc1c(nc(N(C)S(=O)(=O)C)nc1C(C)C)-c1ccc(cc1)F)C(CC(O)CC(=O)O)O,0.4698020340853984,c1ccc(-c2ccncn2)cc1,train
COC(=O)c1ccc(NC(=O)c2c(-c3ccccc3)c(-c3ccc(F)cc3)c(CCC(O)CC(O)CC(=O)O)n2C)cc1,0.1698807956051029,O=C(Nc1ccccc1)c1[nH]cc(-c2ccccc2)c1-c1ccccc1,train
c1cc(F)ccc1-c1c(-c2ccccc2)c(n(C)c1CCC(CC(O)CC(=O)O)O)C(Nc1ccc(C(=O)OC)cc1)=O,0.1698807956051029,O=C(Nc1ccccc1)c1[nH]cc(-c2ccccc2)c1-c1ccccc1,train
Cn1c(c(c(c1C(Nc1ccc(cc1)C(=O)OC)=O)-c1ccccc1)-c1ccc(cc1)F)CCC(CC(O)CC(=O)O)O,0.1698807956051029,O=C(Nc1ccccc1)c1[nH]cc(-c2ccccc2)c1-c1ccccc1,train
O(C)C(c1ccc(NC(=O)c2n(C)c(CCC(O)CC(O)CC(O)=O)c(-c3ccc(F)cc3)c2-c2ccccc2)cc1)=O,0.1698807956051029,O=C(Nc1ccccc1)c1[nH]cc(-c2ccccc2)c1-c1ccccc1,train
Fc1ccc(-c2c(c(C(Nc3ccc(cc3)C(OC)=O)=O)n(c2CCC(CC(CC(O)=O)O)O)C)-c2ccccc2)cc1,0.1698807956051029,O=C(Nc1ccccc1)c1[nH]cc(-c2ccccc2)c1-c1ccccc1,train
c1cc(-c2c(-c3ccccc3)c(n(C)c2CCC(CC(CC(=O)O)O)O)C(=O)Nc2ccc(cc2)C(OC)=O)ccc1F,0.1698807956051029,O=C(Nc1ccccc1)c1[nH]cc(-c2ccccc2)c1-c1ccccc1,train
C(O)(CC(CC(CCc1n(C)c(c(-c2ccccc2)c1-c1ccc(cc1)F)C(Nc1ccc(C(=O)OC)cc1)=O)O)O)=O,0.1698807956051029,O=C(Nc1ccccc1)c1[nH]cc(-c2ccccc2)c1-c1ccccc1,train
c1cccc(c1)-c1c(n(c(CCC(CC(CC(=O)O)O)O)c1-c1ccc(cc1)F)C)C(=O)Nc1ccc(cc1)C(=O)OC,0.1698807956051029,O=C(Nc1ccccc1)c1[nH]cc(-c2ccccc2)c1-c1ccccc1,train
O=C(Nc1ccc(C(OC)=O)cc1)c1n(C)c(CCC(CC(CC(O)=O)O)O)c(c1-c1ccccc1)-c1ccc(F)cc1,0.1698807956051029,O=C(Nc1ccccc1)c1[nH]cc(-c2ccccc2)c1-c1ccccc1,train
C(=O)(OC)c1ccc(cc1)NC(=O)c1n(c(c(-c2ccc(F)cc2)c1-c1ccccc1)CCC(O)CC(O)CC(O)=O)C,0.1698807956051029,O=C(Nc1ccccc1)c1[nH]cc(-c2ccccc2)c1-c1ccccc1,train
N(c1ccc(cc1)C(=O)OC)C(c1n(c(c(-c2ccc(cc2)F)c1-c1ccccc1)CCC(O)CC(O)CC(O)=O)C)=O,0.1698807956051029,O=C(Nc1ccccc1)c1[nH]cc(-c2ccccc2)c1-c1ccccc1,train
c1c(cccc1)-c1c(n(C)c(CCC(O)CC(CC(O)=O)O)c1-c1ccc(F)cc1)C(Nc1ccc(C(=O)OC)cc1)=O,0.1698807956051029,O=C(Nc1ccccc1)c1[nH]cc(-c2ccccc2)c1-c1ccccc1,train
OC(CC(O)=O)CC(O)CCc1n(c(c(c1-c1ccc(F)cc1)-c1ccccc1)C(Nc1ccc(cc1)C(=O)OC)=O)C,0.1698807956051029,O=C(Nc1ccccc1)c1[nH]cc(-c2ccccc2)c1-c1ccccc1,train
C(C(O)CC(CCc1c(c(c(n1C)C(Nc1ccc(C(OC)=O)cc1)=O)-c1ccccc1)-c1ccc(cc1)F)O)C(O)=O,0.1698807956051029,O=C(Nc1ccccc1)c1[nH]cc(-c2ccccc2)c1-c1ccccc1,train
O=C(c1c(c(-c2ccc(F)cc2)c(n1C)CCC(CC(O)CC(O)=O)O)-c1ccccc1)Nc1ccc(C(=O)OC)cc1,0.1698807956051029,O=C(Nc1ccccc1)c1[nH]cc(-c2ccccc2)c1-c1ccccc1,train
CC(C)c1c(C(=O)N(C)C(C)c2ccccc2)nc(-c2ccc(F)cc2)n1CCC(O)CC(O)CC(=O)O,0.3177716038125777,O=C(NCc1ccccc1)c1c[nH]c(-c2ccccc2)n1,val
c1ccc(cc1)C(N(C(c1c(C(C)C)n(CCC(CC(CC(O)=O)O)O)c(n1)-c1ccc(cc1)F)=O)C)C,0.3177716038125777,O=C(NCc1ccccc1)c1c[nH]c(-c2ccccc2)n1,val
C(CC(O)=O)(O)CC(O)CCn1c(nc(C(=O)N(C(c2ccccc2)C)C)c1C(C)C)-c1ccc(F)cc1,0.3177716038125777,O=C(NCc1ccccc1)c1c[nH]c(-c2ccccc2)n1,val
c1c(ccc(c1)F)-c1n(c(C(C)C)c(C(=O)N(C)C(c2ccccc2)C)n1)CCC(CC(CC(=O)O)O)O,0.3177716038125777,O=C(NCc1ccccc1)c1c[nH]c(-c2ccccc2)n1,val
c1(ccc(-c2nc(c(n2CCC(O)CC(CC(O)=O)O)C(C)C)C(N(C(c2ccccc2)C)C)=O)cc1)F,0.3177716038125777,O=C(NCc1ccccc1)c1c[nH]c(-c2ccccc2)n1,val
CC(c1n(CCC(CC(O)CC(O)=O)O)c(-c2ccc(F)cc2)nc1C(N(C(c1ccccc1)C)C)=O)C,0.3177716038125777,O=C(NCc1ccccc1)c1c[nH]c(-c2ccccc2)n1,val
OC(=O)CC(CC(O)CCn1c(C(C)C)c(nc1-c1ccc(F)cc1)C(=O)N(C)C(C)c1ccccc1)O,0.3177716038125777,O=C(NCc1ccccc1)c1c[nH]c(-c2ccccc2)n1,val
c1cccc(C(N(C(c2c(C(C)C)n(c(-c3ccc(cc3)F)n2)CCC(O)CC(O)CC(O)=O)=O)C)C)c1,0.3177716038125777,O=C(NCc1ccccc1)c1c[nH]c(-c2ccccc2)n1,val
C(=O)(c1c(n(CCC(CC(CC(O)=O)O)O)c(-c2ccc(cc2)F)n1)C(C)C)N(C(C)c1ccccc1)C,0.3177716038125777,O=C(NCc1ccccc1)c1c[nH]c(-c2ccccc2)n1,val
CC(N(C(=O)c1nc(-c2ccc(F)cc2)n(CCC(CC(CC(=O)O)O)O)c1C(C)C)C)c1ccccc1,0.3177716038125777,O=C(NCc1ccccc1)c1c[nH]c(-c2ccccc2)n1,val
CC(C)c1n(CCC(CC(O)CC(=O)O)O)c(-c2ccc(cc2)F)nc1C(=O)N(C)C(C)c1ccccc1,0.3177716038125777,O=C(NCc1ccccc1)c1c[nH]c(-c2ccccc2)n1,val
c1ccccc1C(C)N(C)C(c1nc(-c2ccc(F)cc2)n(CCC(O)CC(CC(=O)O)O)c1C(C)C)=O,0.3177716038125777,O=C(NCc1ccccc1)c1c[nH]c(-c2ccccc2)n1,val
c1(c(nc(n1CCC(O)CC(O)CC(O)=O)-c1ccc(cc1)F)C(=O)N(C(c1ccccc1)C)C)C(C)C,0.3177716038125777,O=C(NCc1ccccc1)c1c[nH]c(-c2ccccc2)n1,val
N(C(c1nc(n(CCC(CC(CC(O)=O)O)O)c1C(C)C)-c1ccc(F)cc1)=O)(C)C(c1ccccc1)C,0.3177716038125777,O=C(NCc1ccccc1)c1c[nH]c(-c2ccccc2)n1,val
C(C(O)CCn1c(-c2ccc(cc2)F)nc(C(=O)N(C)C(c2ccccc2)C)c1C(C)C)C(O)CC(O)=O,0.3177716038125777,O=C(NCc1ccccc1)c1c[nH]c(-c2ccccc2)n1,val
CC(C)c1nc(-c2ccc(F)cc2)c(-c2ccc(F)cc2)n1C=CC(O)CC(O)CC(=O)O,0.4347445242149645,c1ccc(-c2nc[nH]c2-c2ccccc2)cc1,train
C(=Cn1c(c(nc1C(C)C)-c1ccc(F)cc1)-c1ccc(cc1)F)C(CC(O)CC(O)=O)O,0.4347445242149645,c1ccc(-c2nc[nH]c2-c2ccccc2)cc1,train
CC(c1n(c(-c2ccc(cc2)F)c(n1)-c1ccc(F)cc1)C=CC(CC(CC(O)=O)O)O)C,0.4347445242149645,c1ccc(-c2nc[nH]c2-c2ccccc2)cc1,train
c1(n(c(nc1-c1ccc(F)cc1)C(C)C)C=CC(O)CC(CC(O)=O)O)-c1ccc(F)cc1,0.4347445242149645,c1ccc(-c2nc[nH]c2-c2ccccc2)cc1,train
c1cc(F)ccc1-c1c(nc(n1C=CC(O)CC(CC(O)=O)O)C(C)C)-c1ccc(cc1)F,0.4347445242149645,c1ccc(-c2nc[nH]c2-c2ccccc2)cc1,train
c1cc(ccc1F)-c1c(nc(C(C)C)n1C=CC(CC(O)CC(=O)O)O)-c1ccc(cc1)F,0.4347445242149645,c1ccc(-c2nc[nH]c2-c2ccccc2)cc1,train
C(c1nc(-c2ccc(cc2)F)c(n1C=CC(O)CC(CC(=O)O)O)-c1ccc(cc1)F)(C)C,0.4347445242149645,c1ccc(-c2nc[nH]c2-c2ccccc2)cc1,train
c1cc(-c2nc(C(C)C)n(C=CC(O)CC(O)CC(O)=O)c2-c2ccc(F)cc2)ccc1F,0.4347445242149645,c1ccc(-c2nc[nH]c2-c2ccccc2)cc1,train
O=C(O)CC(O)CC(C=Cn1c(C(C)C)nc(-c2ccc(cc2)F)c1-c1ccc(F)cc1)O,0.4347445242149645,c1ccc(-c2nc[nH]c2-c2ccccc2)cc1,train
C(=CC(O)CC(CC(O)=O)O)n1c(c(-c2ccc(cc2)F)nc1C(C)C)-c1ccc(cc1)F,0.4347445242149645,c1ccc(-c2nc[nH]c2-c2ccccc2)cc1,train
OC(CC(C=Cn1c(C(C)C)nc(-c2ccc(F)cc2)c1-c1ccc(cc1)F)O)CC(O)=O,0.4347445242149645,c1ccc(-c2nc[nH]c2-c2ccccc2)cc1,train
OC(=O)CC(O)CC(O)C=Cn1c(-c2ccc(F)cc2)c(nc1C(C)C)-c1ccc(F)cc1,0.4347445242149645,c1ccc(-c2nc[nH]c2-c2ccccc2)cc1,train
n1(C=CC(O)CC(O)CC(O)=O)c(c(-c2ccc(F)cc2)nc1C(C)C)-c1ccc(cc1)F,0.4347445242149645,c1ccc(-c2nc[nH]c2-c2ccccc2)cc1,train
OC(CC(CC(=O)O)O)C=Cn1c(-c2ccc(F)cc2)c(nc1C(C)C)-c1ccc(cc1)F,0.4347445242149645,c1ccc(-c2nc[nH]c2-c2ccccc2)cc1,train
c1c(F)ccc(c1)-c1n(c(nc1-c1ccc(F)cc1)C(C)C)C=CC(O)CC(CC(O)=O)O,0.4347445242149645,c1ccc(-c2nc[nH]c2-c2ccccc2)cc1,train
COc1ccc(-c2cc(-c3ccccc3)nc(C(C)C)c2C=CC2CC(O)CC(=O)O2)cc1,0.5003983975184703,O=C1CCCC(C=Cc2cnc(-c3ccccc3)cc2-c2ccccc2)O1,train
c1c(-c2c(C=CC3CC(O)CC(O3)=O)c(C(C)C)nc(c2)-c2ccccc2)ccc(OC)c1,0.5003983975184703,O=C1CCCC(C=Cc2cnc(-c3ccccc3)cc2-c2ccccc2)O1,train
c1c(-c2cc(nc(C(C)C)c2C=CC2OC(CC(C2)O)=O)-c2ccccc2)ccc(c1)OC,0.5003983975184703,O=C1CCCC(C=Cc2cnc(-c3ccccc3)cc2-c2ccccc2)O1,train
c1ccccc1-c1cc(-c2ccc(cc2)OC)c(c(n1)C(C)C)C=CC1OC(=O)CC(C1)O,0.5003983975184703,O=C1CCCC(C=Cc2cnc(-c3ccccc3)cc2-c2ccccc2)O1,train
C1(CC(OC(C=Cc2c(cc(nc2C(C)C)-c2ccccc2)-c2ccc(cc2)OC)C1)=O)O,0.5003983975184703,O=C1CCCC(C=Cc2cnc(-c3ccccc3)cc2-c2ccccc2)O1,train
COc1ccc(-c2c(C=CC3OC(CC(O)C3)=O)c(C(C)C)nc(-c3ccccc3)c2)cc1,0.5003983975184703,O=C1CCCC(C=Cc2cnc(-c3ccccc3)cc2-c2ccccc2)O1,train
c1c(c(c(C(C)C)nc1-c1ccccc1)C=CC1CC(CC(O1)=O)O)-c1ccc(cc1)OC,0.5003983975184703,O=C1CCCC(C=Cc2cnc(-c3ccccc3)cc2-c2ccccc2)O1,train
c1(ccc(cc1)OC)-c1cc(nc(C(C)C)c1C=CC1OC(=O)CC(C1)O)-c1ccccc1,0.5003983975184703,O=C1CCCC(C=Cc2cnc(-c3ccccc3)cc2-c2ccccc2)O1,train
c1cc(-c2c(C=CC3OC(=O)CC(C3)O)c(nc(-c3ccccc3)c2)C(C)C)ccc1OC,0.5003983975184703,O=C1CCCC(C=Cc2cnc(-c3ccccc3)cc2-c2ccccc2)O1,train
C1(CC(OC(C=Cc2c(C(C)C)nc(-c3ccccc3)cc2-c2ccc(cc2)OC)C1)=O)O,0.5003983975184703,O=C1CCCC(C=Cc2cnc(-c3ccccc3)cc2-c2ccccc2)O1,train
c1(nc(cc(c1C=CC1CC(CC(=O)O1)O)-c1ccc(OC)cc1)-c1ccccc1)C(C)C,0.5003983975184703,O=C1CCCC(C=Cc2cnc(-c3ccccc3)cc2-c2ccccc2)O1,train
C1C(OC(CC1O)C=Cc1c(C(C)C)nc(-c2ccccc2)cc1-c1ccc(OC)cc1)=O,0.5003983975184703,O=C1CCCC(C=Cc2cnc(-c3ccccc3)cc2-c2ccccc2)O1,train
C1C(O)CC(=O)OC1C=Cc1c(cc(-c2ccccc2)nc1C(C)C)-c1ccc(cc1)OC,0.5003983975184703,O=C1CCCC(C=Cc2cnc(-c3ccccc3)cc2-c2ccccc2)O1,train
OC1CC(C=Cc2c(C(C)C)nc(cc2-c2ccc(cc2)OC)-c2ccccc2)OC(C1)=O,0.5003983975184703,O=C1CCCC(C=Cc2cnc(-c3ccccc3)cc2-c2ccccc2)O1,train
c1(cc(nc(c1C=CC1OC(=O)CC(O)C1)C(C)C)-c1ccccc1)-c1ccc(cc1)OC,0.5003983975184703,O=C1CCCC(C=Cc2cnc(-c3ccccc3)cc2-c2ccccc2)O1,train
Cc1cccc(NC(=O)c2c(-c3ccc(F)cc3)c(-c3ccc(F)cc3)c(CCC(O)CC(O)CC(=O)O)n2C)c1,0.186961948501642,O=C(Nc1ccccc1)c1[nH]cc(-c2ccccc2)c1-c1ccccc1,train
c1cc(ccc1-c1c(c(n(C)c1CCC(O)CC(CC(O)=O)O)C(Nc1cccc(c1)C)=O)-c1ccc(cc1)F)F,0.186961948501642,O=C(Nc1ccccc1)c1[nH]cc(-c2ccccc2)c1-c1ccccc1,train
n1(C)c(CCC(O)CC(O)CC(=O)O)c(-c2ccc(F)cc2)c(c1C(=O)Nc1cccc(C)c1)-c1ccc(F)cc1,0.186961948501642,O=C(Nc1ccccc1)c1[nH]cc(-c2ccccc2)c1-c1ccccc1,train
c1(F)ccc(cc1)-c1c(CCC(O)CC(O)CC(O)=O)n(c(C(Nc2cccc(c2)C)=O)c1-c1ccc(F)cc1)C,0.186961948501642,O=C(Nc1ccccc1)c1[nH]cc(-c2ccccc2)c1-c1ccccc1,train
c1c(-c2c(-c3ccc(F)cc3)c(n(c2CCC(O)CC(O)CC(O)=O)C)C(=O)Nc2cccc(c2)C)ccc(c1)F,0.186961948501642,O=C(Nc1ccccc1)c1[nH]cc(-c2ccccc2)c1-c1ccccc1,train
c1c(-c2c(c(n(c2C(Nc2cc(ccc2)C)=O)C)CCC(O)CC(CC(=O)O)O)-c2ccc(F)cc2)ccc(c1)F,0.186961948501642,O=C(Nc1ccccc1)c1[nH]cc(-c2ccccc2)c1-c1ccccc1,train
c1c(-c2c(c(CCC(CC(O)CC(=O)O)O)n(C)c2C(=O)Nc2cccc(c2)C)-c2ccc(F)cc2)ccc(c1)F,0.186961948501642,O=C(Nc1ccccc1)c1[nH]cc(-c2ccccc2)c1-c1ccccc1,train
c1ccc(C)cc1NC(=O)c1n(C)c(c(-c2ccc(cc2)F)c1-c1ccc(F)cc1)CCC(CC(CC(O)=O)O)O,0.186961948501642,O=C(Nc1ccccc1)c1[nH]cc(-c2ccccc2)c1-c1ccccc1,train
c1c(ccc(c1)F)-c1c(c(C(Nc2cc(ccc2)C)=O)n(c1CCC(CC(CC(O)=O)O)O)C)-c1ccc(F)cc1,0.186961948501642,O=C(Nc1ccccc1)c1[nH]cc(-c2ccccc2)c1-c1ccccc1,train
c1(n(c(c(c1-c1ccc(F)cc1)-c1ccc(cc1)F)CCC(CC(O)CC(O)=O)O)C)C(=O)Nc1cc(ccc1)C,0.186961948501642,O=C(Nc1ccccc1)c1[nH]cc(-c2ccccc2)c1-c1ccccc1,train
c1c(F)ccc(-c2c(c(C(=O)Nc3cccc(c3)C)n(c2CCC(CC(CC(=O)O)O)O)C)-c2ccc(cc2)F)c1,0.186961948501642,O=C(Nc1ccccc1)c1[nH]cc(-c2ccccc2)c1-c1ccccc1,train
c1ccc(C)cc1NC(=O)c1c(-c2ccc(F)cc2)c(-c2ccc(cc2)F)c(n1C)CCC(O)CC(CC(O)=O)O,0.186961948501642,O=C(Nc1ccccc1)c1[nH]cc(-c2ccccc2)c1-c1ccccc1,train
c1(-c2ccc(cc2)F)c(n(c(C(Nc2cccc(C)c2)=O)c1-c1ccc(cc1)F)C)CCC(O)CC(CC(=O)O)O,0.186961948501642,O=C(Nc1ccccc1)c1[nH]cc(-c2ccccc2)c1-c1ccccc1,train
c1(ccc(-c2c(n(c(c2-c2ccc(cc2)F)C(Nc2cccc(c2)C)=O)C)CCC(CC(O)CC(O)=O)O)cc1)F,0.186961948501642,O=C(Nc1ccccc1)c1[nH]cc(-c2ccccc2)c1-c1ccccc1,train
c1cc(C)cc(NC(c2n(C)c(CCC(CC(CC(O)=O)O)O)c(c2-c2ccc(cc2)F)-c2ccc(F)cc2)=O)c1,0.186961948501642,O=C(Nc1ccccc1)c1[nH]cc(-c2ccccc2)c1-c1ccccc1,train
CC(C)c1c(C(=O)NCc2ccccc2)c2c(n1CCC(O)CC(O)CC(=O)O)CCCCC2,0.3735025436620004,O=C(NCc1ccccc1)c1c[nH]c2c1CCCCC2,train
C1CCCc2c(C(=O)NCc3ccccc3)c(n(CCC(O)CC(CC(=O)O)O)c2C1)C(C)C,0.3735025436620004,O=C(NCc1ccccc1)c1c[nH]c2c1CCCCC2,train
CC(c1c(c2c(n1CCC(O)CC(O)CC(O)=O)CCCCC2)C(=O)NCc1ccccc1)C,0.3735025436620004,O=C(NCc1ccccc1)c1c[nH]c2c1CCCCC2,train
n1(c2c(CCCCC2)c(C(NCc2ccccc2)=O)c1C(C)C)CCC(CC(O)CC(=O)O)O,0.3735025436620004,O=C(NCc1ccccc1)c1c[nH]c2c1CCCCC2,train
OC(CC(CCn1c2CCCCCc2c(C(NCc2ccccc2)=O)c1C(C)C)O)CC(=O)O,0.3735025436620004,O=C(NCc1ccccc1)c1c[nH]c2c1CCCCC2,train
c1(ccccc1)CNC(=O)c1c2c(CCCCC2)n(CCC(O)CC(CC(=O)O)O)c1C(C)C,0.3735025436620004,O=C(NCc1ccccc1)c1c[nH]c2c1CCCCC2,train
C1CCc2c(c(C(NCc3ccccc3)=O)c(n2CCC(CC(CC(=O)O)O)O)C(C)C)CC1,0.3735025436620004,O=C(NCc1ccccc1)c1c[nH]c2c1CCCCC2,train
n1(c(C(C)C)c(C(=O)NCc2ccccc2)c2CCCCCc21)CCC(O)CC(CC(O)=O)O,0.3735025436620004,O=C(NCc1ccccc1)c1c[nH]c2c1CCCCC2,train
CC(c1c(C(=O)NCc2ccccc2)c2CCCCCc2n1CCC(CC(O)CC(O)=O)O)C,0.3735025436620004,O=C(NCc1ccccc1)c1c[nH]c2c1CCCCC2,train
C1c2c(CCCC1)c(c(C(C)C)n2CCC(CC(O)CC(O)=O)O)C(=O)NCc1ccccc1,0.3735025436620004,O=C(NCc1ccccc1)c1c[nH]c2c1CCCCC2,train
c1cc(ccc1)CNC(=O)c1c(C(C)C)n(c2c1CCCCC2)CCC(O)CC(O)CC(O)=O,0.3735025436620004,O=C(NCc1ccccc1)c1c[nH]c2c1CCCCC2,train
CC(c1n(CCC(CC(CC(O)=O)O)O)c2c(CCCCC2)c1C(NCc1ccccc1)=O)C,0.3735025436620004,O=C(NCc1ccccc1)c1c[nH]c2c1CCCCC2,train
O=C(c1c(C(C)C)n(CCC(CC(CC(O)=O)O)O)c2CCCCCc12)NCc1ccccc1,0.3735025436620004,O=C(NCc1ccccc1)c1c[nH]c2c1CCCCC2,train
c1(CNC(c2c3c(n(CCC(O)CC(O)CC(=O)O)c2C(C)C)CCCCC3)=O)ccccc1,0.3735025436620004,O=C(NCc1ccccc1)c1c[nH]c2c1CCCCC2,train
n1(c(c(C(NCc2ccccc2)=O)c2CCCCCc21)C(C)C)CCC(CC(O)CC(O)=O)O,0.3735025436620004,O=C(NCc1ccccc1)c1c[nH]c2c1CCCCC2,train
CC(C)c1cc(-c2ccc(F)cc2)c(OCC2CC(O)CC(=O)O2)c(C(C)C)c1,0.6786322826661113,O=C1CCCC(COc2ccccc2-c2ccccc2)O1,train
C1(COc2c(cc(cc2-c2ccc(F)cc2)C(C)C)C(C)C)CC(O)CC(O1)=O,0.6786322826661113,O=C1CCCC(COc2ccccc2-c2ccccc2)O1,train
c1(C(C)C)c(OCC2CC(O)CC(O2)=O)c(cc(c1)C(C)C)-c1ccc(F)cc1,0.6786322826661113,O=C1CCCC(COc2ccccc2-c2ccccc2)O1,train
c1c(F)ccc(-c2c(OCC3OC(=O)CC(O)C3)c(cc(C(C)C)c2)C(C)C)c1,0.6786322826661113,O=C1CCCC(COc2ccccc2-c2ccccc2)O1,train
C1(=O)CC(CC(O1)COc1c(-c2ccc(cc2)F)cc(C(C)C)cc1C(C)C)O,0.6786322826661113,O=C1CCCC(COc2ccccc2-c2ccccc2)O1,train
c1c(c(c(cc1C(C)C)C(C)C)OCC1OC(=O)CC(O)C1)-c1ccc(cc1)F,0.6786322826661113,O=C1CCCC(COc2ccccc2-c2ccccc2)O1,train
C(C)(C)c1c(c(-c2ccc(cc2)F)cc(c1)C(C)C)OCC1OC(=O)CC(C1)O,0.6786322826661113,O=C1CCCC(COc2ccccc2-c2ccccc2)O1,train
Fc1ccc(cc1)-c1c(OCC2CC(O)CC(O2)=O)c(C(C)C)cc(C(C)C)c1,0.6786322826661113,O=C1CCCC(COc2ccccc2-c2ccccc2)O1,train
c1cc(F)ccc1-c1c(OCC2CC(O)CC(O2)=O)c(C(C)C)cc(C(C)C)c1,0.6786322826661113,O=C1CCCC(COc2ccccc2-c2ccccc2)O1,train
CC(C)c1c(OCC2OC(=O)CC(O)C2)c(cc(C(C)C)c1)-c1ccc(F)cc1,0.6786322826661113,O=C1CCCC(COc2ccccc2-c2ccccc2)O1,train
O1C(=O)CC(CC1COc1c(C(C)C)cc(cc1-c1ccc(cc1)F)C(C)C)O,0.6786322826661113,O=C1CCCC(COc2ccccc2-c2ccccc2)O1,train
c1(F)ccc(cc1)-c1cc(C(C)C)cc(C(C)C)c1OCC1OC(CC(O)C1)=O,0.6786322826661113,O=C1CCCC(COc2ccccc2-c2ccccc2)O1,train
c1c(C(C)C)cc(-c2ccc(cc2)F)c(c1C(C)C)OCC1OC(CC(C1)O)=O,0.6786322826661113,O=C1CCCC(COc2ccccc2-c2ccccc2)O1,train
CC(C)c1cc(c(OCC2OC(=O)CC(C2)O)c(C(C)C)c1)-c1ccc(F)cc1,0.6786322826661113,O=C1CCCC(COc2ccccc2-c2ccccc2)O1,train
OC1CC(=O)OC(COc2c(cc(C(C)C)cc2-c2ccc(cc2)F)C(C)C)C1,0.6786322826661113,O=C1CCCC(COc2ccccc2-c2ccccc2)O1,train
Cc1cnc(CNC(=O)c2c(-c3ccccc3)c(-c3ccc(F)cc3)c(CCC(O)CC(O)CC(=O)O)n2C)cn1,0.205176819075126,O=C(NCc1cnccn1)c1[nH]cc(-c2ccccc2)c1-c1ccccc1,train
c1c(ccc(F)c1)-c1c(n(c(c1-c1ccccc1)C(=O)NCc1cnc(cn1)C)C)CCC(O)CC(CC(O)=O)O,0.205176819075126,O=C(NCc1cnccn1)c1[nH]cc(-c2ccccc2)c1-c1ccccc1,train
c1(c(c(c(n1C)C(=O)NCc1cnc(C)cn1)-c1ccccc1)-c1ccc(F)cc1)CCC(CC(O)CC(=O)O)O,0.205176819075126,O=C(NCc1cnccn1)c1[nH]cc(-c2ccccc2)c1-c1ccccc1,train
c1(C)ncc(CNC(c2c(-c3ccccc3)c(c(CCC(CC(O)CC(=O)O)O)n2C)-c2ccc(cc2)F)=O)nc1,0.205176819075126,O=C(NCc1cnccn1)c1[nH]cc(-c2ccccc2)c1-c1ccccc1,train
c1(ccc(F)cc1)-c1c(CCC(CC(CC(O)=O)O)O)n(c(C(NCc2cnc(C)cn2)=O)c1-c1ccccc1)C,0.205176819075126,O=C(NCc1cnccn1)c1[nH]cc(-c2ccccc2)c1-c1ccccc1,train
C(C(O)CC(CC(O)=O)O)Cc1c(c(c(n1C)C(=O)NCc1cnc(C)cn1)-c1ccccc1)-c1ccc(F)cc1,0.205176819075126,O=C(NCc1cnccn1)c1[nH]cc(-c2ccccc2)c1-c1ccccc1,train
OC(CC(O)CCc1c(-c2ccc(F)cc2)c(c(C(=O)NCc2ncc(C)nc2)n1C)-c1ccccc1)CC(=O)O,0.205176819075126,O=C(NCc1cnccn1)c1[nH]cc(-c2ccccc2)c1-c1ccccc1,train
C(C(CC(=O)O)O)C(CCc1c(-c2ccc(F)cc2)c(c(n1C)C(NCc1ncc(nc1)C)=O)-c1ccccc1)O,0.205176819075126,O=C(NCc1cnccn1)c1[nH]cc(-c2ccccc2)c1-c1ccccc1,train
c1(cnc(cn1)C)CNC(c1c(-c2ccccc2)c(-c2ccc(cc2)F)c(CCC(CC(O)CC(=O)O)O)n1C)=O,0.205176819075126,O=C(NCc1cnccn1)c1[nH]cc(-c2ccccc2)c1-c1ccccc1,train
c1(CCC(CC(O)CC(=O)O)O)c(-c2ccc(cc2)F)c(-c2ccccc2)c(C(=O)NCc2cnc(cn2)C)n1C,0.205176819075126,O=C(NCc1cnccn1)c1[nH]cc(-c2ccccc2)c1-c1ccccc1,train
C(NC(=O)c1n(c(CCC(CC(O)CC(O)=O)O)c(c1-c1ccccc1)-c1ccc(F)cc1)C)c1cnc(cn1)C,0.205176819075126,O=C(NCc1cnccn1)c1[nH]cc(-c2ccccc2)c1-c1ccccc1,train
c1c(-c2c(c(n(c2C(NCc2ncc(C)nc2)=O)C)CCC(O)CC(CC(=O)O)O)-c2ccc(F)cc2)cccc1,0.205176819075126,O=C(NCc1cnccn1)c1[nH]cc(-c2ccccc2)c1-c1ccccc1,train
c1cccc(-c2c(n(C)c(CCC(CC(O)CC(O)=O)O)c2-c2ccc(F)cc2)C(NCc2ncc(nc2)C)=O)c1,0.205176819075126,O=C(NCc1cnccn1)c1[nH]cc(-c2ccccc2)c1-c1ccccc1,train
n1(C)c(CCC(CC(CC(=O)O)O)O)c(c(-c2ccccc2)c1C(NCc1cnc(C)cn1)=O)-c1ccc(cc1)F,0.205176819075126,O=C(NCc1cnccn1)c1[nH]cc(-c2ccccc2)c1-c1ccccc1,train
Cn1c(C(NCc2ncc(nc2)C)=O)c(c(-c2ccc(cc2)F)c1CCC(CC(O)CC(=O)O)O)-c1ccccc1,0.205176819075126,O=C(NCc1cnccn1)c1[nH]cc(-c2ccccc2)c1-c1ccccc1,train
CCc1c(C(=O)NCc2ccc(-c3ccccc3)cc2)c2c(n1CCC(O)CC(O)CC(=O)O)CCCCC2,0.248206849249634,O=C(NCc1ccc(-c2ccccc2)cc1)c1c[nH]c2c1CCCCC2,train
c12c(CCCCC1)n(CCC(O)CC(CC(=O)O)O)c(c2C(NCc1ccc(-c2ccccc2)cc1)=O)CC,0.248206849249634,O=C(NCc1ccc(-c2ccccc2)cc1)c1c[nH]c2c1CCCCC2,train
c1(ccc(CNC(c2c3CCCCCc3n(c2CC)CCC(CC(O)CC(O)=O)O)=O)cc1)-c1ccccc1,0.248206849249634,O=C(NCc1ccc(-c2ccccc2)cc1)c1c[nH]c2c1CCCCC2,train
C(C(CC(O)CC(O)=O)O)Cn1c(CC)c(C(=O)NCc2ccc(cc2)-c2ccccc2)c2CCCCCc12,0.248206849249634,O=C(NCc1ccc(-c2ccccc2)cc1)c1c[nH]c2c1CCCCC2,train
C1CCCc2c(C1)n(c(CC)c2C(NCc1ccc(-c2ccccc2)cc1)=O)CCC(O)CC(O)CC(=O)O,0.248206849249634,O=C(NCc1ccc(-c2ccccc2)cc1)c1c[nH]c2c1CCCCC2,train
C(C(=O)O)C(CC(O)CCn1c2CCCCCc2c(c1CC)C(NCc1ccc(-c2ccccc2)cc1)=O)O,0.248206849249634,O=C(NCc1ccc(-c2ccccc2)cc1)c1c[nH]c2c1CCCCC2,train
C1c2c(n(c(CC)c2C(=O)NCc2ccc(cc2)-c2ccccc2)CCC(O)CC(O)CC(=O)O)CCCC1,0.248206849249634,O=C(NCc1ccc(-c2ccccc2)cc1)c1c[nH]c2c1CCCCC2,train
C(O)(CC(O)CC(O)CCn1c(c(c2CCCCCc21)C(=O)NCc1ccc(-c2ccccc2)cc1)CC)=O,0.248206849249634,O=C(NCc1ccc(-c2ccccc2)cc1)c1c[nH]c2c1CCCCC2,train
CCc1n(CCC(CC(CC(=O)O)O)O)c2CCCCCc2c1C(NCc1ccc(-c2ccccc2)cc1)=O,0.248206849249634,O=C(NCc1ccc(-c2ccccc2)cc1)c1c[nH]c2c1CCCCC2,train
C(NC(=O)c1c2c(n(CCC(O)CC(O)CC(=O)O)c1CC)CCCCC2)c1ccc(-c2ccccc2)cc1,0.248206849249634,O=C(NCc1ccc(-c2ccccc2)cc1)c1c[nH]c2c1CCCCC2,train
OC(CCn1c(CC)c(c2c1CCCCC2)C(NCc1ccc(cc1)-c1ccccc1)=O)CC(O)CC(O)=O,0.248206849249634,O=C(NCc1ccc(-c2ccccc2)cc1)c1c[nH]c2c1CCCCC2,train
c1cc(CNC(c2c(n(c3CCCCCc23)CCC(O)CC(CC(O)=O)O)CC)=O)ccc1-c1ccccc1,0.248206849249634,O=C(NCc1ccc(-c2ccccc2)cc1)c1c[nH]c2c1CCCCC2,train
O=C(c1c2CCCCCc2n(c1CC)CCC(O)CC(CC(=O)O)O)NCc1ccc(cc1)-c1ccccc1,0.248206849249634,O=C(NCc1ccc(-c2ccccc2)cc1)c1c[nH]c2c1CCCCC2,train
c1(ccccc1)-c1ccc(CNC(=O)c2c(n(c3CCCCCc32)CCC(O)CC(O)CC(=O)O)CC)cc1,0.248206849249634,O=C(NCc1ccc(-c2ccccc2)cc1)c1c[nH]c2c1CCCCC2,train
C(CCn1c(c(C(NCc2ccc(-c3ccccc3)cc2)=O)c2CCCCCc12)CC)(O)CC(O)CC(O)=O,0.248206849249634,O=C(NCc1ccc(-c2ccccc2)cc1)c1c[nH]c2c1CCCCC2,train
CN(C)c1nc(-c2ccc(F)cc2)c(-c2ccc(F)cc2)n1C=CC(O)CC(O)CC(=O)O,0.4540793544117351,c1ccc(-c2nc[nH]c2-c2ccccc2)cc1,train
OC(CC(O)CC(C=Cn1c(c(-c2ccc(cc2)F)nc1N(C)C)-c1ccc(F)cc1)O)=O,0.4540793544117351,c1ccc(-c2nc[nH]c2-c2ccccc2)cc1,train
c1(n(c(-c2ccc(cc2)F)c(n1)-c1ccc(F)cc1)C=CC(CC(CC(O)=O)O)O)N(C)C,0.4540793544117351,c1ccc(-c2nc[nH]c2-c2ccccc2)cc1,train
OC(CC(O)=O)CC(O)C=Cn1c(N(C)C)nc(c1-c1ccc(F)cc1)-c1ccc(F)cc1,0.4540793544117351,c1ccc(-c2nc[nH]c2-c2ccccc2)cc1,train
O=C(O)CC(O)CC(O)C=Cn1c(-c2ccc(cc2)F)c(nc1N(C)C)-c1ccc(F)cc1,0.4540793544117351,c1ccc(-c2nc[nH]c2-c2ccccc2)cc1,train
OC(CC(=O)O)CC(C=Cn1c(-c2ccc(cc2)F)c(-c2ccc(F)cc2)nc1N(C)C)O,0.4540793544117351,c1ccc(-c2nc[nH]c2-c2ccccc2)cc1,train
n1(c(c(nc1N(C)C)-c1ccc(F)cc1)-c1ccc(cc1)F)C=CC(O)CC(O)CC(=O)O,0.4540793544117351,c1ccc(-c2nc[nH]c2-c2ccccc2)cc1,train
c1(F)ccc(-c2n(C=CC(O)CC(O)CC(=O)O)c(nc2-c2ccc(cc2)F)N(C)C)cc1,0.4540793544117351,c1ccc(-c2nc[nH]c2-c2ccccc2)cc1,train
C(C(CC(O)=O)O)C(O)C=Cn1c(c(nc1N(C)C)-c1ccc(cc1)F)-c1ccc(cc1)F,0.4540793544117351,c1ccc(-c2nc[nH]c2-c2ccccc2)cc1,train
c1(N(C)C)nc(-c2ccc(F)cc2)c(-c2ccc(cc2)F)n1C=CC(O)CC(O)CC(O)=O,0.4540793544117351,c1ccc(-c2nc[nH]c2-c2ccccc2)cc1,train
c1(-c2ccc(cc2)F)nc(N(C)C)n(c1-c1ccc(cc1)F)C=CC(O)CC(CC(=O)O)O,0.4540793544117351,c1ccc(-c2nc[nH]c2-c2ccccc2)cc1,train
OC(C=Cn1c(c(nc1N(C)C)-c1ccc(cc1)F)-c1ccc(cc1)F)CC(CC(O)=O)O,0.4540793544117351,c1ccc(-c2nc[nH]c2-c2ccccc2)cc1,train
CN(C)c1n(c(-c2ccc(F)cc2)c(-c2ccc(F)cc2)n1)C=CC(O)CC(CC(O)=O)O,0.4540793544117351,c1ccc(-c2nc[nH]c2-c2ccccc2)cc1,train
c1cc(F)ccc1-c1nc(n(C=CC(CC(O)CC(=O)O)O)c1-c1ccc(F)cc1)N(C)C,0.4540793544117351,c1ccc(-c2nc[nH]c2-c2ccccc2)cc1,train
c1c(-c2n(c(N(C)C)nc2-c2ccc(F)cc2)C=CC(O)CC(O)CC(O)=O)ccc(F)c1,0.4540793544117351,c1ccc(-c2nc[nH]c2-c2ccccc2)cc1,train
CCc1c(C(=O)Nc2ccccc2)c(C(C)C)c(-c2ccc(F)cc2)n1CCC(O)CC(O)CC(=O)O,0.2673217004972254,O=C(Nc1ccccc1)c1c[nH]c(-c2ccccc2)c1,train
c1cc(NC(c2c(C(C)C)c(n(c2CC)CCC(O)CC(O)CC(=O)O)-c2ccc(cc2)F)=O)ccc1,0.2673217004972254,O=C(Nc1ccccc1)c1c[nH]c(-c2ccccc2)c1,train
O=C(c1c(n(c(-c2ccc(cc2)F)c1C(C)C)CCC(CC(CC(=O)O)O)O)CC)Nc1ccccc1,0.2673217004972254,O=C(Nc1ccccc1)c1c[nH]c(-c2ccccc2)c1,train
c1cc(F)ccc1-c1n(c(CC)c(C(Nc2ccccc2)=O)c1C(C)C)CCC(O)CC(O)CC(O)=O,0.2673217004972254,O=C(Nc1ccccc1)c1c[nH]c(-c2ccccc2)c1,train
c1(F)ccc(-c2c(C(C)C)c(C(Nc3ccccc3)=O)c(n2CCC(CC(CC(O)=O)O)O)CC)cc1,0.2673217004972254,O=C(Nc1ccccc1)c1c[nH]c(-c2ccccc2)c1,train
c1c(cccc1)NC(c1c(CC)n(c(-c2ccc(cc2)F)c1C(C)C)CCC(O)CC(O)CC(=O)O)=O,0.2673217004972254,O=C(Nc1ccccc1)c1c[nH]c(-c2ccccc2)c1,train
c1cccc(c1)NC(c1c(C(C)C)c(n(c1CC)CCC(CC(O)CC(O)=O)O)-c1ccc(F)cc1)=O,0.2673217004972254,O=C(Nc1ccccc1)c1c[nH]c(-c2ccccc2)c1,train
c1(-c2c(c(C(Nc3ccccc3)=O)c(CC)n2CCC(CC(O)CC(O)=O)O)C(C)C)ccc(F)cc1,0.2673217004972254,O=C(Nc1ccccc1)c1c[nH]c(-c2ccccc2)c1,train
c1(C(=O)Nc2ccccc2)c(c(n(c1CC)CCC(O)CC(O)CC(O)=O)-c1ccc(F)cc1)C(C)C,0.2673217004972254,O=C(Nc1ccccc1)c1c[nH]c(-c2ccccc2)c1,train
C(n1c(-c2ccc(F)cc2)c(C(C)C)c(c1CC)C(Nc1ccccc1)=O)CC(CC(O)CC(=O)O)O,0.2673217004972254,O=C(Nc1ccccc1)c1c[nH]c(-c2ccccc2)c1,train
c1c(ccc(-c2c(c(C(Nc3ccccc3)=O)c(CC)n2CCC(CC(O)CC(=O)O)O)C(C)C)c1)F,0.2673217004972254,O=C(Nc1ccccc1)c1c[nH]c(-c2ccccc2)c1,train
C(C)c1n(c(-c2ccc(cc2)F)c(c1C(=O)Nc1ccccc1)C(C)C)CCC(CC(O)CC(=O)O)O,0.2673217004972254,O=C(Nc1ccccc1)c1c[nH]c(-c2ccccc2)c1,train
c1c(NC(=O)c2c(c(n(CCC(O)CC(O)CC(=O)O)c2CC)-c2ccc(cc2)F)C(C)C)cccc1,0.2673217004972254,O=C(Nc1ccccc1)c1c[nH]c(-c2ccccc2)c1,train
OC(CCn1c(c(C(C)C)c(c1CC)C(Nc1ccccc1)=O)-c1ccc(cc1)F)CC(CC(=O)O)O,0.2673217004972254,O=C(Nc1ccccc1)c1c[nH]c(-c2ccccc2)c1,train
CCc1c(c(C(C)C)c(n1CCC(O)CC(CC(=O)O)O)-c1ccc(cc1)F)C(Nc1ccccc1)=O,0.2673217004972254,O=C(Nc1ccccc1)c1c[nH]c(-c2ccccc2)c1,train
CCC(C)(C)C(=O)OC1C2C(=CC(C)C1C(C)O)C=CC(C)C2CCC1CC(O)CC(=O)O1,0.551208974828907,O=C1CCCC(CCC2CC=CC3=CCCCC32)O1,train
C1(C(OC(C(C)(C)CC)=O)C2C(C(C)C=CC2=CC1C)CCC1CC(O)CC(=O)O1)C(C)O,0.551208974828907,O=C1CCCC(CCC2CC=CC3=CCCCC32)O1,train
C1(OC(C(C)(C)CC)=O)C(C(C)C=C2C1C(CCC1OC(CC(C1)O)=O)C(C)C=C2)C(O)C,0.551208974828907,O=C1CCCC(CCC2CC=CC3=CCCCC32)O1,train
C(C1CC(O)CC(=O)O1)CC1C(C)C=CC2C1C(C(C(C)C=2)C(O)C)OC(C(C)(C)CC)=O,0.551208974828907,O=C1CCCC(CCC2CC=CC3=CCCCC32)O1,train
CC(C)(C(=O)OC1C2C(CCC3CC(CC(O3)=O)O)C(C=CC2=CC(C1C(C)O)C)C)CC,0.551208974828907,O=C1CCCC(CCC2CC=CC3=CCCCC32)O1,train
C1(OC(CC(C1)O)=O)CCC1C(C)C=CC2C1C(OC(C(C)(C)CC)=O)C(C(C)O)C(C)C=2,0.551208974828907,O=C1CCCC(CCC2CC=CC3=CCCCC32)O1,train
O1C(CC(O)CC1=O)CCC1C2C(C=CC1C)=CC(C)C(C2OC(=O)C(C)(CC)C)C(O)C,0.551208974828907,O=C1CCCC(CCC2CC=CC3=CCCCC32)O1,train
CC(C1C(C)C=C2C=CC(C)C(C2C1OC(=O)C(C)(CC)C)CCC1CC(O)CC(O1)=O)O,0.551208974828907,O=C1CCCC(CCC2CC=CC3=CCCCC32)O1,train
C1(C(OC(C(CC)(C)C)=O)C2C(=CC1C)C=CC(C)C2CCC1OC(=O)CC(C1)O)C(O)C,0.551208974828907,O=C1CCCC(CCC2CC=CC3=CCCCC32)O1,train
C1(C(O)C)C(C)C=C2C(C(C(C)C=C2)CCC2CC(O)CC(O2)=O)C1OC(=O)C(C)(C)CC,0.551208974828907,O=C1CCCC(CCC2CC=CC3=CCCCC32)O1,train
C1(O)CC(=O)OC(CCC2C3C(C(C(O)C)C(C=C3C=CC2C)C)OC(C(C)(C)CC)=O)C1,0.551208974828907,O=C1CCCC(CCC2CC=CC3=CCCCC32)O1,train
CCC(C)(C(OC1C(C(C)C=C2C1C(CCC1OC(CC(O)C1)=O)C(C)C=C2)C(O)C)=O)C,0.551208974828907,O=C1CCCC(CCC2CC=CC3=CCCCC32)O1,train
CC(C(=O)OC1C(C(O)C)C(C)C=C2C=CC(C)C(C12)CCC1OC(CC(O)C1)=O)(C)CC,0.551208974828907,O=C1CCCC(CCC2CC=CC3=CCCCC32)O1,train
CC(C)(C(=O)OC1C2C(=CC(C)C1C(O)C)C=CC(C)C2CCC1OC(CC(O)C1)=O)CC,0.551208974828907,O=C1CCCC(CCC2CC=CC3=CCCCC32)O1,train
CC1C(C(C2C(CCC3OC(=O)CC(C3)O)C(C=CC2=C1)C)OC(C(C)(CC)C)=O)C(O)C,0.551208974828907,O=C1CCCC(CCC2CC=CC3=CCCCC32)O1,train
Cc1c(C(=O)Nc2ccccc2)[nH]c(CCC(O)CC(O)CC(=O)O)c1-c1ccc(F)cc1,0.3179938591669663,O=C(Nc1ccccc1)c1cc(-c2ccccc2)c[nH]1,train
C(C(O)=O)C(CC(CCc1c(-c2ccc(F)cc2)c(c([nH]1)C(Nc1ccccc1)=O)C)O)O,0.3179938591669663,O=C(Nc1ccccc1)c1cc(-c2ccccc2)c[nH]1,train
c1(-c2c(c(C(Nc3ccccc3)=O)[nH]c2CCC(O)CC(O)CC(=O)O)C)ccc(cc1)F,0.3179938591669663,O=C(Nc1ccccc1)c1cc(-c2ccccc2)c[nH]1,train
c1(CCC(O)CC(O)CC(=O)O)c(-c2ccc(F)cc2)c(c(C(Nc2ccccc2)=O)[nH]1)C,0.3179938591669663,O=C(Nc1ccccc1)c1cc(-c2ccccc2)c[nH]1,train
OC(CC(=O)O)CC(CCc1c(c(c(C(=O)Nc2ccccc2)[nH]1)C)-c1ccc(F)cc1)O,0.3179938591669663,O=C(Nc1ccccc1)c1cc(-c2ccccc2)c[nH]1,train
C(CC(CCc1[nH]c(c(c1-c1ccc(cc1)F)C)C(Nc1ccccc1)=O)O)(CC(=O)O)O,0.3179938591669663,O=C(Nc1ccccc1)c1cc(-c2ccccc2)c[nH]1,train
OC(CCc1c(c(c([nH]1)C(=O)Nc1ccccc1)C)-c1ccc(F)cc1)CC(CC(=O)O)O,0.3179938591669663,O=C(Nc1ccccc1)c1cc(-c2ccccc2)c[nH]1,train
c1(-c2ccc(cc2)F)c(c(C(=O)Nc2ccccc2)[nH]c1CCC(O)CC(CC(=O)O)O)C,0.3179938591669663,O=C(Nc1ccccc1)c1cc(-c2ccccc2)c[nH]1,train
OC(CC(O)CC(O)=O)CCc1c(-c2ccc(cc2)F)c(C)c(C(Nc2ccccc2)=O)[nH]1,0.3179938591669663,O=C(Nc1ccccc1)c1cc(-c2ccccc2)c[nH]1,train
c1([nH]c(CCC(O)CC(CC(=O)O)O)c(c1C)-c1ccc(F)cc1)C(Nc1ccccc1)=O,0.3179938591669663,O=C(Nc1ccccc1)c1cc(-c2ccccc2)c[nH]1,train
c1(ccccc1)NC(=O)c1[nH]c(CCC(CC(CC(O)=O)O)O)c(-c2ccc(F)cc2)c1C,0.3179938591669663,O=C(Nc1ccccc1)c1cc(-c2ccccc2)c[nH]1,train
c1(NC(c2c(C)c(c(CCC(CC(CC(=O)O)O)O)[nH]2)-c2ccc(cc2)F)=O)ccccc1,0.3179938591669663,O=C(Nc1ccccc1)c1cc(-c2ccccc2)c[nH]1,train
c1cc(F)ccc1-c1c([nH]c(c1C)C(=O)Nc1ccccc1)CCC(CC(O)CC(=O)O)O,0.3179938591669663,O=C(Nc1ccccc1)c1cc(-c2ccccc2)c[nH]1,train
C(CC(=O)O)(O)CC(O)CCc1c(-c2ccc(cc2)F)c(c(C(Nc2ccccc2)=O)[nH]1)C,0.3179938591669663,O=C(Nc1ccccc1)c1cc(-c2ccccc2)c[nH]1,train
Cc1c(C(=O)Nc2ccccc2)[nH]c(c1-c1ccc(F)cc1)CCC(O)CC(CC(=O)O)O,0.3179938591669663,O=C(Nc1ccccc1)c1cc(-c2ccccc2)c[nH]1,train
CC(C)c1nc(-c2ccc(F)cc2)c(-c2cc(Cl)cc(Cl)c2)n1C=CC(O)CC(O)CC(=O)O,0.3381727354968359,c1ccc(-c2nc[nH]c2-c2ccccc2)cc1,train
c1c(Cl)cc(cc1Cl)-c1c(nc(C(C)C)n1C=CC(O)CC(O)CC(O)=O)-c1ccc(cc1)F,0.3381727354968359,c1ccc(-c2nc[nH]c2-c2ccccc2)cc1,train
CC(C)c1nc(c(-c2cc(cc(Cl)c2)Cl)n1C=CC(O)CC(CC(=O)O)O)-c1ccc(cc1)F,0.3381727354968359,c1ccc(-c2nc[nH]c2-c2ccccc2)cc1,train
c1(-c2n(C=CC(O)CC(O)CC(O)=O)c(nc2-c2ccc(cc2)F)C(C)C)cc(Cl)cc(c1)Cl,0.3381727354968359,c1ccc(-c2nc[nH]c2-c2ccccc2)cc1,train
OC(C=Cn1c(C(C)C)nc(c1-c1cc(Cl)cc(c1)Cl)-c1ccc(F)cc1)CC(O)CC(O)=O,0.3381727354968359,c1ccc(-c2nc[nH]c2-c2ccccc2)cc1,train
C(C(O)C=Cn1c(c(nc1C(C)C)-c1ccc(F)cc1)-c1cc(cc(c1)Cl)Cl)C(CC(=O)O)O,0.3381727354968359,c1ccc(-c2nc[nH]c2-c2ccccc2)cc1,train
C(C(O)C=Cn1c(nc(c1-c1cc(Cl)cc(Cl)c1)-c1ccc(cc1)F)C(C)C)C(CC(O)=O)O,0.3381727354968359,c1ccc(-c2nc[nH]c2-c2ccccc2)cc1,train
CC(c1nc(c(-c2cc(cc(Cl)c2)Cl)n1C=CC(CC(O)CC(=O)O)O)-c1ccc(cc1)F)C,0.3381727354968359,c1ccc(-c2nc[nH]c2-c2ccccc2)cc1,train
c1(n(c(c(n1)-c1ccc(F)cc1)-c1cc(Cl)cc(Cl)c1)C=CC(O)CC(CC(O)=O)O)C(C)C,0.3381727354968359,c1ccc(-c2nc[nH]c2-c2ccccc2)cc1,train
c1(cc(cc(c1)-c1c(-c2ccc(F)cc2)nc(C(C)C)n1C=CC(O)CC(CC(=O)O)O)Cl)Cl,0.3381727354968359,c1ccc(-c2nc[nH]c2-c2ccccc2)cc1,train
c1(-c2n(C=CC(O)CC(CC(O)=O)O)c(nc2-c2ccc(cc2)F)C(C)C)cc(cc(Cl)c1)Cl,0.3381727354968359,c1ccc(-c2nc[nH]c2-c2ccccc2)cc1,train
C(C(O)CC(=O)O)C(C=Cn1c(-c2cc(cc(c2)Cl)Cl)c(-c2ccc(cc2)F)nc1C(C)C)O,0.3381727354968359,c1ccc(-c2nc[nH]c2-c2ccccc2)cc1,train
c1c(-c2nc(C(C)C)n(c2-c2cc(cc(Cl)c2)Cl)C=CC(CC(O)CC(O)=O)O)ccc(c1)F,0.3381727354968359,c1ccc(-c2nc[nH]c2-c2ccccc2)cc1,train
c1(C(C)C)nc(-c2ccc(cc2)F)c(-c2cc(Cl)cc(c2)Cl)n1C=CC(O)CC(O)CC(O)=O,0.3381727354968359,c1ccc(-c2nc[nH]c2-c2ccccc2)cc1,train
c1(cc(-c2n(c(C(C)C)nc2-c2ccc(cc2)F)C=CC(CC(O)CC(O)=O)O)cc(Cl)c1)Cl,0.3381727354968359,c1ccc(-c2nc[nH]c2-c2ccccc2)cc1,train
CC(C)c1nc(-c2cccc(S(C)(=O)=O)c2)c(-c2ccc(F)cc2)n1C=CC(O)CC(O)CC(=O)O,0.3721259443944282,c1ccc(-c2nc[nH]c2-c2ccccc2)cc1,train
CS(c1cc(-c2c(n(C=CC(CC(CC(=O)O)O)O)c(n2)C(C)C)-c2ccc(F)cc2)ccc1)(=O)=O,0.3721259443944282,c1ccc(-c2nc[nH]c2-c2ccccc2)cc1,train
c1c(S(C)(=O)=O)cc(-c2c(n(c(C(C)C)n2)C=CC(O)CC(CC(O)=O)O)-c2ccc(F)cc2)cc1,0.3721259443944282,c1ccc(-c2nc[nH]c2-c2ccccc2)cc1,train
CS(=O)(=O)c1cccc(-c2c(n(C=CC(O)CC(CC(=O)O)O)c(C(C)C)n2)-c2ccc(cc2)F)c1,0.3721259443944282,c1ccc(-c2nc[nH]c2-c2ccccc2)cc1,train
c1c(ccc(F)c1)-c1n(c(C(C)C)nc1-c1cccc(S(=O)(C)=O)c1)C=CC(O)CC(CC(=O)O)O,0.3721259443944282,c1ccc(-c2nc[nH]c2-c2ccccc2)cc1,train
O=S(c1cccc(-c2c(n(c(C(C)C)n2)C=CC(CC(CC(=O)O)O)O)-c2ccc(F)cc2)c1)(C)=O,0.3721259443944282,c1ccc(-c2nc[nH]c2-c2ccccc2)cc1,train
O=S(C)(=O)c1cc(ccc1)-c1c(-c2ccc(cc2)F)n(c(n1)C(C)C)C=CC(O)CC(CC(O)=O)O,0.3721259443944282,c1ccc(-c2nc[nH]c2-c2ccccc2)cc1,train
C(CC(C=Cn1c(nc(-c2cc(S(C)(=O)=O)ccc2)c1-c1ccc(F)cc1)C(C)C)O)(O)CC(O)=O,0.3721259443944282,c1ccc(-c2nc[nH]c2-c2ccccc2)cc1,train
c1(ccc(cc1)-c1n(C=CC(O)CC(CC(O)=O)O)c(nc1-c1cccc(c1)S(=O)(=O)C)C(C)C)F,0.3721259443944282,c1ccc(-c2nc[nH]c2-c2ccccc2)cc1,train
OC(CC(O)C=Cn1c(-c2ccc(F)cc2)c(nc1C(C)C)-c1cc(S(C)(=O)=O)ccc1)CC(O)=O,0.3721259443944282,c1ccc(-c2nc[nH]c2-c2ccccc2)cc1,train
C(c1n(c(-c2ccc(cc2)F)c(n1)-c1cccc(c1)S(C)(=O)=O)C=CC(CC(CC(O)=O)O)O)(C)C,0.3721259443944282,c1ccc(-c2nc[nH]c2-c2ccccc2)cc1,train
c1(n(C=CC(O)CC(CC(=O)O)O)c(C(C)C)nc1-c1cc(ccc1)S(=O)(C)=O)-c1ccc(cc1)F,0.3721259443944282,c1ccc(-c2nc[nH]c2-c2ccccc2)cc1,train
CS(=O)(=O)c1cc(-c2c(-c3ccc(F)cc3)n(c(n2)C(C)C)C=CC(O)CC(O)CC(=O)O)ccc1,0.3721259443944282,c1ccc(-c2nc[nH]c2-c2ccccc2)cc1,train
c1c(ccc(-c2c(nc(C(C)C)n2C=CC(O)CC(CC(O)=O)O)-c2cc(S(=O)(C)=O)ccc2)c1)F,0.3721259443944282,c1ccc(-c2nc[nH]c2-c2ccccc2)cc1,train
OC(CC(O)=O)CC(C=Cn1c(-c2ccc(F)cc2)c(-c2cc(S(=O)(C)=O)ccc2)nc1C(C)C)O,0.3721259443944282,c1ccc(-c2nc[nH]c2-c2ccccc2)cc1,train
CC(C)c1c(C(=O)NC(CO)c2ccccc2)c2c(n1CCC(O)CC(O)CC(=O)O)CCCC2,0.313418565493276,O=C(NCc1ccccc1)c1c[nH]c2c1CCCC2,train
c1c(cccc1)C(NC(c1c(n(c2CCCCc21)CCC(CC(CC(O)=O)O)O)C(C)C)=O)CO,0.313418565493276,O=C(NCc1ccccc1)c1c[nH]c2c1CCCC2,train
C(NC(c1c2CCCCc2n(c1C(C)C)CCC(O)CC(O)CC(=O)O)=O)(c1ccccc1)CO,0.313418565493276,O=C(NCc1ccccc1)c1c[nH]c2c1CCCC2,train
C(C(NC(=O)c1c(C(C)C)n(c2c1CCCC2)CCC(O)CC(O)CC(O)=O)c1ccccc1)O,0.313418565493276,O=C(NCc1ccccc1)c1c[nH]c2c1CCCC2,train
c1ccccc1C(CO)NC(=O)c1c(C(C)C)n(c2CCCCc12)CCC(O)CC(CC(O)=O)O,0.313418565493276,O=C(NCc1ccccc1)c1c[nH]c2c1CCCC2,train
c1(c(n(c2c1CCCC2)CCC(O)CC(O)CC(=O)O)C(C)C)C(NC(c1ccccc1)CO)=O,0.313418565493276,O=C(NCc1ccccc1)c1c[nH]c2c1CCCC2,train
CC(C)c1c(c2CCCCc2n1CCC(O)CC(CC(O)=O)O)C(=O)NC(CO)c1ccccc1,0.313418565493276,O=C(NCc1ccccc1)c1c[nH]c2c1CCCC2,train
OC(CC(=O)O)CC(O)CCn1c(C(C)C)c(c2CCCCc12)C(=O)NC(CO)c1ccccc1,0.313418565493276,O=C(NCc1ccccc1)c1c[nH]c2c1CCCC2,train
C(C)(c1n(c2c(CCCC2)c1C(NC(CO)c1ccccc1)=O)CCC(O)CC(CC(O)=O)O)C,0.313418565493276,O=C(NCc1ccccc1)c1c[nH]c2c1CCCC2,train
C1CCCc2n(c(C(C)C)c(c12)C(NC(c1ccccc1)CO)=O)CCC(CC(CC(O)=O)O)O,0.313418565493276,O=C(NCc1ccccc1)c1c[nH]c2c1CCCC2,train
C(CCn1c(C(C)C)c(c2c1CCCC2)C(NC(c1ccccc1)CO)=O)(O)CC(CC(O)=O)O,0.313418565493276,O=C(NCc1ccccc1)c1c[nH]c2c1CCCC2,train
c12CCCCc2c(c(n1CCC(CC(CC(O)=O)O)O)C(C)C)C(=O)NC(c1ccccc1)CO,0.313418565493276,O=C(NCc1ccccc1)c1c[nH]c2c1CCCC2,train
C(C(c1ccccc1)NC(c1c2c(CCCC2)n(c1C(C)C)CCC(O)CC(O)CC(O)=O)=O)O,0.313418565493276,O=C(NCc1ccccc1)c1c[nH]c2c1CCCC2,train
C1Cc2c(CC1)c(c(C(C)C)n2CCC(O)CC(O)CC(=O)O)C(=O)NC(CO)c1ccccc1,0.313418565493276,O=C(NCc1ccccc1)c1c[nH]c2c1CCCC2,train
OCC(NC(c1c2c(n(CCC(CC(CC(O)=O)O)O)c1C(C)C)CCCC2)=O)c1ccccc1,0.313418565493276,O=C(NCc1ccccc1)c1c[nH]c2c1CCCC2,train
CC(C)c1cc(-c2ccccn2)c(-c2ccc(F)cc2)n1C=CC(O)CC(O)CC(=O)O,0.4559960748515062,c1ccc(-c2[nH]ccc2-c2ccccn2)cc1,train
c1(c(cc(C(C)C)n1C=CC(CC(CC(=O)O)O)O)-c1ccccn1)-c1ccc(F)cc1,0.4559960748515062,c1ccc(-c2[nH]ccc2-c2ccccn2)cc1,train
c1(-c2ccccn2)cc(C(C)C)n(C=CC(O)CC(CC(O)=O)O)c1-c1ccc(F)cc1,0.4559960748515062,c1ccc(-c2[nH]ccc2-c2ccccn2)cc1,train
CC(c1n(c(-c2ccc(F)cc2)c(-c2ncccc2)c1)C=CC(CC(CC(O)=O)O)O)C,0.4559960748515062,c1ccc(-c2[nH]ccc2-c2ccccn2)cc1,train
c1c(ccc(F)c1)-c1c(cc(C(C)C)n1C=CC(CC(O)CC(O)=O)O)-c1ccccn1,0.4559960748515062,c1ccc(-c2[nH]ccc2-c2ccccn2)cc1,train
c1cc(ccc1-c1n(c(cc1-c1ccccn1)C(C)C)C=CC(CC(O)CC(O)=O)O)F,0.4559960748515062,c1ccc(-c2[nH]ccc2-c2ccccn2)cc1,train
c1(n(C=CC(CC(CC(=O)O)O)O)c(cc1-c1ncccc1)C(C)C)-c1ccc(cc1)F,0.4559960748515062,c1ccc(-c2[nH]ccc2-c2ccccn2)cc1,train
C(C(O)CC(=O)O)C(C=Cn1c(-c2ccc(cc2)F)c(-c2ncccc2)cc1C(C)C)O,0.4559960748515062,c1ccc(-c2[nH]ccc2-c2ccccn2)cc1,train
C(C=Cn1c(-c2ccc(cc2)F)c(-c2ccccn2)cc1C(C)C)(O)CC(O)CC(=O)O,0.4559960748515062,c1ccc(-c2[nH]ccc2-c2ccccn2)cc1,train
C(C)(c1n(C=CC(CC(O)CC(O)=O)O)c(-c2ccc(cc2)F)c(-c2ncccc2)c1)C,0.4559960748515062,c1ccc(-c2[nH]ccc2-c2ccccn2)cc1,train
C(C(O)CC(=O)O)C(O)C=Cn1c(C(C)C)cc(-c2ccccn2)c1-c1ccc(cc1)F,0.4559960748515062,c1ccc(-c2[nH]ccc2-c2ccccn2)cc1,train
c1c(F)ccc(c1)-c1n(c(cc1-c1ccccn1)C(C)C)C=CC(O)CC(CC(=O)O)O,0.4559960748515062,c1ccc(-c2[nH]ccc2-c2ccccn2)cc1,train
C(C(O)C=Cn1c(cc(-c2ccccn2)c1-c1ccc(cc1)F)C(C)C)C(O)CC(=O)O,0.4559960748515062,c1ccc(-c2[nH]ccc2-c2ccccn2)cc1,train
c1c(-c2n(c(cc2-c2ccccn2)C(C)C)C=CC(CC(O)CC(O)=O)O)ccc(c1)F,0.4559960748515062,c1ccc(-c2[nH]ccc2-c2ccccn2)cc1,train
C(=O)(CC(O)CC(O)C=Cn1c(cc(c1-c1ccc(F)cc1)-c1ccccn1)C(C)C)O,0.4559960748515062,c1ccc(-c2[nH]ccc2-c2ccccn2)cc1,train
CCc1cc(-c2c(-c3ccc(F)cc3)nc(C(C)C)n2C=CC(O)CC(O)CC(=O)O)cc(CC)c1F,0.3017952835984159,c1ccc(-c2nc[nH]c2-c2ccccc2)cc1,train
c1(cc(c(c(c1)CC)F)CC)-c1n(C=CC(CC(O)CC(=O)O)O)c(nc1-c1ccc(cc1)F)C(C)C,0.3017952835984159,c1ccc(-c2nc[nH]c2-c2ccccc2)cc1,train
C(c1cc(cc(c1F)CC)-c1n(C=CC(CC(CC(=O)O)O)O)c(nc1-c1ccc(cc1)F)C(C)C)C,0.3017952835984159,c1ccc(-c2nc[nH]c2-c2ccccc2)cc1,train
CC(c1nc(c(-c2cc(c(c(CC)c2)F)CC)n1C=CC(O)CC(O)CC(O)=O)-c1ccc(cc1)F)C,0.3017952835984159,c1ccc(-c2nc[nH]c2-c2ccccc2)cc1,train
c1(-c2n(C=CC(O)CC(O)CC(=O)O)c(C(C)C)nc2-c2ccc(F)cc2)cc(c(F)c(c1)CC)CC,0.3017952835984159,c1ccc(-c2nc[nH]c2-c2ccccc2)cc1,train
C(O)(CC(O)CC(=O)O)C=Cn1c(C(C)C)nc(c1-c1cc(c(c(CC)c1)F)CC)-c1ccc(F)cc1,0.3017952835984159,c1ccc(-c2nc[nH]c2-c2ccccc2)cc1,train
C(C=Cn1c(c(nc1C(C)C)-c1ccc(F)cc1)-c1cc(c(c(c1)CC)F)CC)(CC(O)CC(O)=O)O,0.3017952835984159,c1ccc(-c2nc[nH]c2-c2ccccc2)cc1,train
c1(c(F)c(cc(-c2n(C=CC(O)CC(CC(O)=O)O)c(nc2-c2ccc(cc2)F)C(C)C)c1)CC)CC,0.3017952835984159,c1ccc(-c2nc[nH]c2-c2ccccc2)cc1,train
c1cc(F)ccc1-c1nc(n(C=CC(CC(O)CC(=O)O)O)c1-c1cc(CC)c(c(CC)c1)F)C(C)C,0.3017952835984159,c1ccc(-c2nc[nH]c2-c2ccccc2)cc1,train
c1(c(CC)cc(-c2c(-c3ccc(F)cc3)nc(n2C=CC(CC(O)CC(O)=O)O)C(C)C)cc1CC)F,0.3017952835984159,c1ccc(-c2nc[nH]c2-c2ccccc2)cc1,train
c1(n(C=CC(CC(O)CC(=O)O)O)c(-c2cc(CC)c(F)c(c2)CC)c(n1)-c1ccc(F)cc1)C(C)C,0.3017952835984159,c1ccc(-c2nc[nH]c2-c2ccccc2)cc1,train
CCc1cc(cc(CC)c1F)-c1c(nc(n1C=CC(O)CC(CC(O)=O)O)C(C)C)-c1ccc(F)cc1,0.3017952835984159,c1ccc(-c2nc[nH]c2-c2ccccc2)cc1,train
c1(-c2n(C=CC(O)CC(CC(=O)O)O)c(C(C)C)nc2-c2ccc(cc2)F)cc(c(F)c(c1)CC)CC,0.3017952835984159,c1ccc(-c2nc[nH]c2-c2ccccc2)cc1,train
n1(c(C(C)C)nc(-c2ccc(cc2)F)c1-c1cc(CC)c(F)c(CC)c1)C=CC(O)CC(O)CC(O)=O,0.3017952835984159,c1ccc(-c2nc[nH]c2-c2ccccc2)cc1,train
C(=Cn1c(C(C)C)nc(c1-c1cc(CC)c(F)c(CC)c1)-c1ccc(cc1)F)C(O)CC(O)CC(=O)O,0.3017952835984159,c1ccc(-c2nc[nH]c2-c2ccccc2)cc1,train
CCC(C)C(=O)OC1CC(C)C=C2C=CC(C)C(CCC3CC(O)CC(=O)O3)C21,0.671999391844661,O=C1CCCC(CCC2CC=CC3=CCCCC32)O1,train
C1(C(C)C=CC2=CC(C)CC(C21)OC(C(C)CC)=O)CCC1OC(=O)CC(C1)O,0.671999391844661,O=C1CCCC(CCC2CC=CC3=CCCCC32)O1,train
C1(=O)OC(CC(C1)O)CCC1C2C(=CC(CC2OC(C(CC)C)=O)C)C=CC1C,0.671999391844661,O=C1CCCC(CCC2CC=CC3=CCCCC32)O1,train
C1(C)C(CCC2OC(CC(O)C2)=O)C2C(OC(=O)C(CC)C)CC(C)C=C2C=C1,0.671999391844661,O=C1CCCC(CCC2CC=CC3=CCCCC32)O1,train
C1C2=CC(CC(C2C(CCC2CC(CC(=O)O2)O)C(C=1)C)OC(C(C)CC)=O)C,0.671999391844661,O=C1CCCC(CCC2CC=CC3=CCCCC32)O1,train
C12C(C(C)C=CC2=CC(CC1OC(C(CC)C)=O)C)CCC1CC(CC(O1)=O)O,0.671999391844661,O=C1CCCC(CCC2CC=CC3=CCCCC32)O1,train
C1C(C)C(C2C(C=1)=CC(C)CC2OC(C(C)CC)=O)CCC1OC(CC(C1)O)=O,0.671999391844661,O=C1CCCC(CCC2CC=CC3=CCCCC32)O1,train
O=C(C(C)CC)OC1CC(C)C=C2C=CC(C(CCC3OC(=O)CC(C3)O)C21)C,0.671999391844661,O=C1CCCC(CCC2CC=CC3=CCCCC32)O1,train
CC1CC(OC(C(C)CC)=O)C2C(C=CC(C)C2CCC2CC(O)CC(=O)O2)=C1,0.671999391844661,O=C1CCCC(CCC2CC=CC3=CCCCC32)O1,train
OC1CC(CCC2C(C=CC3=CC(C)CC(C23)OC(C(C)CC)=O)C)OC(C1)=O,0.671999391844661,O=C1CCCC(CCC2CC=CC3=CCCCC32)O1,train
C1C(CC(OC1=O)CCC1C2C(C=CC1C)=CC(C)CC2OC(C(C)CC)=O)O,0.671999391844661,O=C1CCCC(CCC2CC=CC3=CCCCC32)O1,train
C(C1C2C(CC(C=C2C=CC1C)C)OC(C(CC)C)=O)CC1CC(CC(=O)O1)O,0.671999391844661,O=C1CCCC(CCC2CC=CC3=CCCCC32)O1,train
C1(C(C2C(CC(C=C2C=C1)C)OC(=O)C(C)CC)CCC1OC(=O)CC(O)C1)C,0.671999391844661,O=C1CCCC(CCC2CC=CC3=CCCCC32)O1,train
C1C2C(C(C(C)C=1)CCC1OC(=O)CC(C1)O)C(OC(=O)C(CC)C)CC(C=2)C,0.671999391844661,O=C1CCCC(CCC2CC=CC3=CCCCC32)O1,train
C1(CCC2CC(O)CC(O2)=O)C2C(C=CC1C)=CC(C)CC2OC(=O)C(C)CC,0.671999391844661,O=C1CCCC(CCC2CC=CC3=CCCCC32)O1,train
CCc1c(C(=O)NC(CO)c2ccc(-c3ccccc3)cc2)c2c(n1CCC(O)CC(O)CC(=O)O)CCCC2,0.2191132612973134,O=C(NCc1ccc(-c2ccccc2)cc1)c1c[nH]c2c1CCCC2,train
c1cc(ccc1C(NC(c1c(n(CCC(CC(CC(=O)O)O)O)c2CCCCc12)CC)=O)CO)-c1ccccc1,0.2191132612973134,O=C(NCc1ccc(-c2ccccc2)cc1)c1c[nH]c2c1CCCC2,train
c1c(-c2ccc(cc2)C(NC(c2c3CCCCc3n(CCC(O)CC(O)CC(=O)O)c2CC)=O)CO)cccc1,0.2191132612973134,O=C(NCc1ccc(-c2ccccc2)cc1)c1c[nH]c2c1CCCC2,train
C(C(CCn1c(CC)c(C(=O)NC(CO)c2ccc(cc2)-c2ccccc2)c2c1CCCC2)O)C(O)CC(O)=O,0.2191132612973134,O=C(NCc1ccc(-c2ccccc2)cc1)c1c[nH]c2c1CCCC2,train
c1c(-c2ccc(C(CO)NC(=O)c3c(CC)n(CCC(CC(O)CC(O)=O)O)c4c3CCCC4)cc2)cccc1,0.2191132612973134,O=C(NCc1ccc(-c2ccccc2)cc1)c1c[nH]c2c1CCCC2,train
c1(-c2ccccc2)ccc(C(CO)NC(=O)c2c(CC)n(c3CCCCc32)CCC(CC(CC(O)=O)O)O)cc1,0.2191132612973134,O=C(NCc1ccc(-c2ccccc2)cc1)c1c[nH]c2c1CCCC2,train
OC(CC(=O)O)CC(O)CCn1c(CC)c(c2CCCCc12)C(NC(c1ccc(cc1)-c1ccccc1)CO)=O,0.2191132612973134,O=C(NCc1ccc(-c2ccccc2)cc1)c1c[nH]c2c1CCCC2,train
c1cc(ccc1C(CO)NC(c1c(n(CCC(O)CC(CC(=O)O)O)c2CCCCc21)CC)=O)-c1ccccc1,0.2191132612973134,O=C(NCc1ccc(-c2ccccc2)cc1)c1c[nH]c2c1CCCC2,train
c1cccc(-c2ccc(cc2)C(CO)NC(=O)c2c(CC)n(c3c2CCCC3)CCC(CC(CC(=O)O)O)O)c1,0.2191132612973134,O=C(NCc1ccc(-c2ccccc2)cc1)c1c[nH]c2c1CCCC2,train
C(Cn1c2CCCCc2c(c1CC)C(NC(c1ccc(-c2ccccc2)cc1)CO)=O)C(CC(CC(O)=O)O)O,0.2191132612973134,O=C(NCc1ccc(-c2ccccc2)cc1)c1c[nH]c2c1CCCC2,train
c1cc(C(CO)NC(c2c(CC)n(c3c2CCCC3)CCC(O)CC(O)CC(=O)O)=O)ccc1-c1ccccc1,0.2191132612973134,O=C(NCc1ccc(-c2ccccc2)cc1)c1c[nH]c2c1CCCC2,train
O=C(NC(c1ccc(cc1)-c1ccccc1)CO)c1c(n(c2CCCCc21)CCC(O)CC(CC(O)=O)O)CC,0.2191132612973134,O=C(NCc1ccc(-c2ccccc2)cc1)c1c[nH]c2c1CCCC2,train
C(C)c1c(C(NC(CO)c2ccc(-c3ccccc3)cc2)=O)c2c(n1CCC(CC(O)CC(=O)O)O)CCCC2,0.2191132612973134,O=C(NCc1ccc(-c2ccccc2)cc1)c1c[nH]c2c1CCCC2,train
c1cc(-c2ccccc2)ccc1C(NC(=O)c1c(CC)n(c2c1CCCC2)CCC(CC(CC(=O)O)O)O)CO,0.2191132612973134,O=C(NCc1ccc(-c2ccccc2)cc1)c1c[nH]c2c1CCCC2,train
c1(c2c(CCCC2)n(CCC(CC(O)CC(O)=O)O)c1CC)C(=O)NC(CO)c1ccc(cc1)-c1ccccc1,0.2191132612973134,O=C(NCc1ccc(-c2ccccc2)cc1)c1c[nH]c2c1CCCC2,train
Cc1cc(-c2nc(C(C)C)n(C=CC(O)CC(O)CC(=O)O)c2-c2ccc(F)cc2)cc(C)c1Cl,0.344493091347019,c1ccc(-c2nc[nH]c2-c2ccccc2)cc1,train
c1c(F)ccc(c1)-c1c(-c2cc(C)c(c(c2)C)Cl)nc(C(C)C)n1C=CC(O)CC(CC(O)=O)O,0.344493091347019,c1ccc(-c2nc[nH]c2-c2ccccc2)cc1,train
c1cc(ccc1-c1c(nc(C(C)C)n1C=CC(O)CC(O)CC(=O)O)-c1cc(c(c(c1)C)Cl)C)F,0.344493091347019,c1ccc(-c2nc[nH]c2-c2ccccc2)cc1,train
Fc1ccc(cc1)-c1c(nc(C(C)C)n1C=CC(CC(CC(=O)O)O)O)-c1cc(c(Cl)c(C)c1)C,0.344493091347019,c1ccc(-c2nc[nH]c2-c2ccccc2)cc1,train
C(=CC(O)CC(O)CC(O)=O)n1c(nc(c1-c1ccc(cc1)F)-c1cc(C)c(Cl)c(c1)C)C(C)C,0.344493091347019,c1ccc(-c2nc[nH]c2-c2ccccc2)cc1,train
C(C(O)C=Cn1c(-c2ccc(F)cc2)c(nc1C(C)C)-c1cc(c(Cl)c(c1)C)C)C(O)CC(O)=O,0.344493091347019,c1ccc(-c2nc[nH]c2-c2ccccc2)cc1,train
c1(cc(-c2c(n(C=CC(CC(CC(O)=O)O)O)c(n2)C(C)C)-c2ccc(cc2)F)cc(c1Cl)C)C,0.344493091347019,c1ccc(-c2nc[nH]c2-c2ccccc2)cc1,train
O=C(CC(CC(C=Cn1c(nc(c1-c1ccc(F)cc1)-c1cc(c(c(C)c1)Cl)C)C(C)C)O)O)O,0.344493091347019,c1ccc(-c2nc[nH]c2-c2ccccc2)cc1,train
c1(ccc(F)cc1)-c1n(c(C(C)C)nc1-c1cc(C)c(c(c1)C)Cl)C=CC(CC(O)CC(=O)O)O,0.344493091347019,c1ccc(-c2nc[nH]c2-c2ccccc2)cc1,train
c1c(C)c(c(cc1-c1c(n(c(C(C)C)n1)C=CC(CC(CC(=O)O)O)O)-c1ccc(F)cc1)C)Cl,0.344493091347019,c1ccc(-c2nc[nH]c2-c2ccccc2)cc1,train
C(C(C=Cn1c(nc(c1-c1ccc(F)cc1)-c1cc(C)c(c(c1)C)Cl)C(C)C)O)C(O)CC(=O)O,0.344493091347019,c1ccc(-c2nc[nH]c2-c2ccccc2)cc1,train
c1(cc(cc(C)c1Cl)-c1nc(C(C)C)n(c1-c1ccc(F)cc1)C=CC(CC(O)CC(=O)O)O)C,0.344493091347019,c1ccc(-c2nc[nH]c2-c2ccccc2)cc1,train
n1c(n(C=CC(CC(CC(=O)O)O)O)c(c1-c1cc(C)c(Cl)c(c1)C)-c1ccc(cc1)F)C(C)C,0.344493091347019,c1ccc(-c2nc[nH]c2-c2ccccc2)cc1,train
O=C(O)CC(O)CC(C=Cn1c(-c2ccc(F)cc2)c(nc1C(C)C)-c1cc(c(c(c1)C)Cl)C)O,0.344493091347019,c1ccc(-c2nc[nH]c2-c2ccccc2)cc1,train
c1cc(ccc1-c1c(nc(n1C=CC(CC(CC(=O)O)O)O)C(C)C)-c1cc(c(Cl)c(c1)C)C)F,0.344493091347019,c1ccc(-c2nc[nH]c2-c2ccccc2)cc1,train
CCC(C)(C)C(=O)OC1C(O)C(C)C=C2C=CC(C)C(CCC3CC(O)CC(=O)O3)C21,0.6211825621228858,O=C1CCCC(CCC2CC=CC3=CCCCC32)O1,val
C1=CC2C(C(OC(C(CC)(C)C)=O)C(C(C=2)C)O)C(C1C)CCC1OC(CC(C1)O)=O,0.6211825621228858,O=C1CCCC(CCC2CC=CC3=CCCCC32)O1,val
C1C2C(C(C(C=1)C)CCC1CC(CC(=O)O1)O)C(C(O)C(C=2)C)OC(C(CC)(C)C)=O,0.6211825621228858,O=C1CCCC(CCC2CC=CC3=CCCCC32)O1,val
OC1CC(OC(CCC2C(C)C=CC3C2C(C(C(C)C=3)O)OC(=O)C(CC)(C)C)C1)=O,0.6211825621228858,O=C1CCCC(CCC2CC=CC3=CCCCC32)O1,val
C1=CC2C(C(OC(=O)C(C)(CC)C)C(O)C(C=2)C)C(C1C)CCC1OC(CC(C1)O)=O,0.6211825621228858,O=C1CCCC(CCC2CC=CC3=CCCCC32)O1,val
C1C(CC(OC1CCC1C(C)C=CC2=CC(C)C(C(OC(C(C)(CC)C)=O)C21)O)=O)O,0.6211825621228858,O=C1CCCC(CCC2CC=CC3=CCCCC32)O1,val
C1=C2C=CC(C(C2C(C(C1C)O)OC(C(C)(C)CC)=O)CCC1OC(CC(O)C1)=O)C,0.6211825621228858,O=C1CCCC(CCC2CC=CC3=CCCCC32)O1,val
C1(O)CC(=O)OC(C1)CCC1C2C(OC(=O)C(CC)(C)C)C(C(C)C=C2C=CC1C)O,0.6211825621228858,O=C1CCCC(CCC2CC=CC3=CCCCC32)O1,val
C(C)(C(OC1C2C(C=CC(C)C2CCC2OC(CC(O)C2)=O)=CC(C)C1O)=O)(CC)C,0.6211825621228858,O=C1CCCC(CCC2CC=CC3=CCCCC32)O1,val
C1(O)C(C2C(C(C=CC2=CC1C)C)CCC1OC(=O)CC(C1)O)OC(C(C)(C)CC)=O,0.6211825621228858,O=C1CCCC(CCC2CC=CC3=CCCCC32)O1,val
C12C(CCC3OC(=O)CC(O)C3)C(C=CC1=CC(C)C(O)C2OC(C(CC)(C)C)=O)C,0.6211825621228858,O=C1CCCC(CCC2CC=CC3=CCCCC32)O1,val
CC1C=CC2C(C(C(C(C)C=2)O)OC(=O)C(CC)(C)C)C1CCC1CC(CC(=O)O1)O,0.6211825621228858,O=C1CCCC(CCC2CC=CC3=CCCCC32)O1,val
CC(CC)(C)C(=O)OC1C2C(C(C=CC2=CC(C)C1O)C)CCC1OC(=O)CC(O)C1,0.6211825621228858,O=C1CCCC(CCC2CC=CC3=CCCCC32)O1,val
CC(CC)(C)C(OC1C2C(C=CC(C)C2CCC2OC(CC(O)C2)=O)=CC(C1O)C)=O,0.6211825621228858,O=C1CCCC(CCC2CC=CC3=CCCCC32)O1,val
C1C(OC(CC1O)=O)CCC1C(C)C=CC2=CC(C(O)C(C21)OC(C(C)(C)CC)=O)C,0.6211825621228858,O=C1CCCC(CCC2CC=CC3=CCCCC32)O1,val
O=C(O)CC(O)CC(O)CCc1c(Cl)cc(Cl)cc1OCc1ccccc1,0.5463014023954327,c1ccc(COc2ccccc2)cc1,val
c1(c(OCc2ccccc2)cc(Cl)cc1Cl)CCC(O)CC(O)CC(=O)O,0.5463014023954327,c1ccc(COc2ccccc2)cc1,val
c1(Cl)c(c(OCc2ccccc2)cc(c1)Cl)CCC(CC(CC(=O)O)O)O,0.5463014023954327,c1ccc(COc2ccccc2)cc1,val
C(C(O)CC(CCc1c(cc(Cl)cc1OCc1ccccc1)Cl)O)C(O)=O,0.5463014023954327,c1ccc(COc2ccccc2)cc1,val
O(Cc1ccccc1)c1cc(Cl)cc(Cl)c1CCC(O)CC(CC(O)=O)O,0.5463014023954327,c1ccc(COc2ccccc2)cc1,val
c1c(c(c(cc1Cl)Cl)CCC(CC(O)CC(O)=O)O)OCc1ccccc1,0.5463014023954327,c1ccc(COc2ccccc2)cc1,val
OC(CC(O)CCc1c(Cl)cc(Cl)cc1OCc1ccccc1)CC(O)=O,0.5463014023954327,c1ccc(COc2ccccc2)cc1,val
C(CC(O)CC(O)CC(=O)O)c1c(OCc2ccccc2)cc(cc1Cl)Cl,0.5463014023954327,c1ccc(COc2ccccc2)cc1,val
O(Cc1ccccc1)c1cc(cc(Cl)c1CCC(CC(O)CC(O)=O)O)Cl,0.5463014023954327,c1ccc(COc2ccccc2)cc1,val
c1(OCc2ccccc2)cc(Cl)cc(Cl)c1CCC(O)CC(O)CC(=O)O,0.5463014023954327,c1ccc(COc2ccccc2)cc1,val
OC(=O)CC(O)CC(O)CCc1c(cc(cc1Cl)Cl)OCc1ccccc1,0.5463014023954327,c1ccc(COc2ccccc2)cc1,val
c1c(Cl)c(c(cc1Cl)OCc1ccccc1)CCC(O)CC(O)CC(O)=O,0.5463014023954327,c1ccc(COc2ccccc2)cc1,val
OC(=O)CC(CC(O)CCc1c(OCc2ccccc2)cc(cc1Cl)Cl)O,0.5463014023954327,c1ccc(COc2ccccc2)cc1,val
c1(COc2cc(Cl)cc(c2CCC(O)CC(O)CC(=O)O)Cl)ccccc1,0.5463014023954327,c1ccc(COc2ccccc2)cc1,val
OC(CC(CC(O)=O)O)CCc1c(OCc2ccccc2)cc(Cl)cc1Cl,0.5463014023954327,c1ccc(COc2ccccc2)cc1,val
CC(C)c1nc(-c2cccnc2)c(-c2ccc(F)cc2)n1C=CC(O)CC(O)CC(=O)O,0.4661891857498084,c1ccc(-c2[nH]cnc2-c2cccnc2)cc1,train
n1cccc(c1)-c1nc(C(C)C)n(c1-c1ccc(F)cc1)C=CC(CC(CC(=O)O)O)O,0.4661891857498084,c1ccc(-c2[nH]cnc2-c2cccnc2)cc1,train
C(c1n(C=CC(CC(O)CC(=O)O)O)c(-c2ccc(F)cc2)c(n1)-c1cccnc1)(C)C,0.4661891857498084,c1ccc(-c2[nH]cnc2-c2cccnc2)cc1,train
c1(ccc(cc1)-c1c(-c2cccnc2)nc(n1C=CC(O)CC(O)CC(O)=O)C(C)C)F,0.4661891857498084,c1ccc(-c2[nH]cnc2-c2cccnc2)cc1,train
c1cc(-c2n(c(C(C)C)nc2-c2cccnc2)C=CC(CC(O)CC(=O)O)O)ccc1F,0.4661891857498084,c1ccc(-c2[nH]cnc2-c2cccnc2)cc1,train
c1(ccc(F)cc1)-c1c(nc(n1C=CC(CC(O)CC(=O)O)O)C(C)C)-c1cccnc1,0.4661891857498084,c1ccc(-c2[nH]cnc2-c2cccnc2)cc1,train
c1(c(-c2cnccc2)nc(n1C=CC(CC(CC(O)=O)O)O)C(C)C)-c1ccc(F)cc1,0.4661891857498084,c1ccc(-c2[nH]cnc2-c2cccnc2)cc1,train
n1(c(C(C)C)nc(c1-c1ccc(F)cc1)-c1cnccc1)C=CC(CC(O)CC(O)=O)O,0.4661891857498084,c1ccc(-c2[nH]cnc2-c2cccnc2)cc1,train
C(=Cn1c(c(nc1C(C)C)-c1cccnc1)-c1ccc(cc1)F)C(O)CC(CC(O)=O)O,0.4661891857498084,c1ccc(-c2[nH]cnc2-c2cccnc2)cc1,train
CC(c1n(c(-c2ccc(F)cc2)c(n1)-c1cnccc1)C=CC(CC(CC(=O)O)O)O)C,0.4661891857498084,c1ccc(-c2[nH]cnc2-c2cccnc2)cc1,train
C(O)(CC(O)C=Cn1c(C(C)C)nc(-c2cnccc2)c1-c1ccc(cc1)F)CC(O)=O,0.4661891857498084,c1ccc(-c2[nH]cnc2-c2cccnc2)cc1,train
c1(-c2c(-c3ccc(F)cc3)n(C=CC(CC(CC(=O)O)O)O)c(C(C)C)n2)cnccc1,0.4661891857498084,c1ccc(-c2[nH]cnc2-c2cccnc2)cc1,train
c1ncc(cc1)-c1nc(C(C)C)n(c1-c1ccc(F)cc1)C=CC(CC(CC(O)=O)O)O,0.4661891857498084,c1ccc(-c2[nH]cnc2-c2cccnc2)cc1,train
c1(-c2n(C=CC(CC(O)CC(O)=O)O)c(nc2-c2cccnc2)C(C)C)ccc(cc1)F,0.4661891857498084,c1ccc(-c2[nH]cnc2-c2cccnc2)cc1,train
O=C(O)CC(CC(C=Cn1c(c(-c2cccnc2)nc1C(C)C)-c1ccc(cc1)F)O)O,0.4661891857498084,c1ccc(-c2[nH]cnc2-c2cccnc2)cc1,train
Cn1c(CCC(O)CC(O)CC(=O)O)c(-c2ccc(F)cc2)c(-c2ccc(F)cc2)c1C(=O)Nc1ccccc1,0.2003569832874704,O=C(Nc1ccccc1)c1[nH]cc(-c2ccccc2)c1-c1ccccc1,train
N(C(=O)c1n(c(c(-c2ccc(F)cc2)c1-c1ccc(cc1)F)CCC(O)CC(O)CC(=O)O)C)c1ccccc1,0.2003569832874704,O=C(Nc1ccccc1)c1[nH]cc(-c2ccccc2)c1-c1ccccc1,train
c1ccc(NC(=O)c2n(C)c(CCC(O)CC(CC(=O)O)O)c(-c3ccc(cc3)F)c2-c2ccc(cc2)F)cc1,0.2003569832874704,O=C(Nc1ccccc1)c1[nH]cc(-c2ccccc2)c1-c1ccccc1,train
C(c1n(C)c(CCC(CC(CC(O)=O)O)O)c(-c2ccc(cc2)F)c1-c1ccc(F)cc1)(Nc1ccccc1)=O,0.2003569832874704,O=C(Nc1ccccc1)c1[nH]cc(-c2ccccc2)c1-c1ccccc1,train
c1cc(ccc1)NC(c1c(-c2ccc(cc2)F)c(c(n1C)CCC(CC(O)CC(O)=O)O)-c1ccc(F)cc1)=O,0.2003569832874704,O=C(Nc1ccccc1)c1[nH]cc(-c2ccccc2)c1-c1ccccc1,train
c1cc(ccc1-c1c(CCC(O)CC(O)CC(=O)O)n(c(C(Nc2ccccc2)=O)c1-c1ccc(cc1)F)C)F,0.2003569832874704,O=C(Nc1ccccc1)c1[nH]cc(-c2ccccc2)c1-c1ccccc1,train
c1ccc(NC(c2c(c(c(CCC(O)CC(CC(O)=O)O)n2C)-c2ccc(cc2)F)-c2ccc(F)cc2)=O)cc1,0.2003569832874704,O=C(Nc1ccccc1)c1[nH]cc(-c2ccccc2)c1-c1ccccc1,train
C(=O)(O)CC(O)CC(O)CCc1c(c(c(C(=O)Nc2ccccc2)n1C)-c1ccc(F)cc1)-c1ccc(F)cc1,0.2003569832874704,O=C(Nc1ccccc1)c1[nH]cc(-c2ccccc2)c1-c1ccccc1,train
c1c(ccc(c1)F)-c1c(-c2ccc(F)cc2)c(n(c1CCC(CC(O)CC(=O)O)O)C)C(Nc1ccccc1)=O,0.2003569832874704,O=C(Nc1ccccc1)c1[nH]cc(-c2ccccc2)c1-c1ccccc1,train
OC(CC(O)CC(O)CCc1c(-c2ccc(cc2)F)c(-c2ccc(F)cc2)c(C(Nc2ccccc2)=O)n1C)=O,0.2003569832874704,O=C(Nc1ccccc1)c1[nH]cc(-c2ccccc2)c1-c1ccccc1,train
c1cc(NC(c2c(c(-c3ccc(cc3)F)c(n2C)CCC(O)CC(O)CC(O)=O)-c2ccc(F)cc2)=O)ccc1,0.2003569832874704,O=C(Nc1ccccc1)c1[nH]cc(-c2ccccc2)c1-c1ccccc1,train
c1(-c2ccc(cc2)F)c(-c2ccc(F)cc2)c(C(=O)Nc2ccccc2)n(c1CCC(O)CC(O)CC(=O)O)C,0.2003569832874704,O=C(Nc1ccccc1)c1[nH]cc(-c2ccccc2)c1-c1ccccc1,train
c1cc(F)ccc1-c1c(-c2ccc(F)cc2)c(n(c1CCC(CC(CC(O)=O)O)O)C)C(Nc1ccccc1)=O,0.2003569832874704,O=C(Nc1ccccc1)c1[nH]cc(-c2ccccc2)c1-c1ccccc1,train
C(CC(O)CC(=O)O)(CCc1c(-c2ccc(cc2)F)c(c(n1C)C(=O)Nc1ccccc1)-c1ccc(cc1)F)O,0.2003569832874704,O=C(Nc1ccccc1)c1[nH]cc(-c2ccccc2)c1-c1ccccc1,train
c1(c(c(C(=O)Nc2ccccc2)n(C)c1CCC(O)CC(O)CC(=O)O)-c1ccc(cc1)F)-c1ccc(cc1)F,0.2003569832874704,O=C(Nc1ccccc1)c1[nH]cc(-c2ccccc2)c1-c1ccccc1,train
COCc1c(C(C)C)nc(C(C)C)c(C=CC(O)CC(O)CC(=O)O)c1-c1ccc(F)cc1,0.4428452744049379,c1ccc(-c2ccncc2)cc1,train
c1c(ccc(-c2c(c(C(C)C)nc(c2C=CC(O)CC(CC(=O)O)O)C(C)C)COC)c1)F,0.4428452744049379,c1ccc(-c2ccncc2)cc1,train
C(C)(c1nc(C(C)C)c(C=CC(O)CC(CC(O)=O)O)c(-c2ccc(cc2)F)c1COC)C,0.4428452744049379,c1ccc(-c2ccncc2)cc1,train
C(c1c(C(C)C)nc(C(C)C)c(C=CC(CC(O)CC(O)=O)O)c1-c1ccc(F)cc1)OC,0.4428452744049379,c1ccc(-c2ccncc2)cc1,train
c1(ccc(-c2c(COC)c(C(C)C)nc(c2C=CC(CC(O)CC(O)=O)O)C(C)C)cc1)F,0.4428452744049379,c1ccc(-c2ccncc2)cc1,train
CC(C)c1c(C=CC(CC(CC(=O)O)O)O)c(c(COC)c(C(C)C)n1)-c1ccc(F)cc1,0.4428452744049379,c1ccc(-c2ccncc2)cc1,train
CC(C)c1c(c(c(COC)c(n1)C(C)C)-c1ccc(F)cc1)C=CC(O)CC(CC(O)=O)O,0.4428452744049379,c1ccc(-c2ccncc2)cc1,train
O(C)Cc1c(c(C=CC(CC(CC(O)=O)O)O)c(nc1C(C)C)C(C)C)-c1ccc(F)cc1,0.4428452744049379,c1ccc(-c2ccncc2)cc1,train
CC(c1c(COC)c(c(C=CC(O)CC(O)CC(O)=O)c(n1)C(C)C)-c1ccc(cc1)F)C,0.4428452744049379,c1ccc(-c2ccncc2)cc1,train
c1(ccc(cc1)F)-c1c(c(nc(c1C=CC(CC(O)CC(O)=O)O)C(C)C)C(C)C)COC,0.4428452744049379,c1ccc(-c2ccncc2)cc1,train
c1(-c2ccc(F)cc2)c(c(nc(C(C)C)c1COC)C(C)C)C=CC(CC(CC(=O)O)O)O,0.4428452744049379,c1ccc(-c2ccncc2)cc1,train
C(=CC(CC(O)CC(=O)O)O)c1c(nc(c(COC)c1-c1ccc(F)cc1)C(C)C)C(C)C,0.4428452744049379,c1ccc(-c2ccncc2)cc1,train
COCc1c(c(c(C(C)C)nc1C(C)C)C=CC(CC(CC(O)=O)O)O)-c1ccc(cc1)F,0.4428452744049379,c1ccc(-c2ccncc2)cc1,train
C(c1c(c(C=CC(CC(CC(O)=O)O)O)c(C(C)C)nc1C(C)C)-c1ccc(F)cc1)OC,0.4428452744049379,c1ccc(-c2ccncc2)cc1,train
O=C(O)CC(CC(C=Cc1c(c(c(C(C)C)nc1C(C)C)COC)-c1ccc(F)cc1)O)O,0.4428452744049379,c1ccc(-c2ccncc2)cc1,train
CC(C)(C)c1nc(-c2ccc(F)cc2)c(-c2ccc(F)cc2)n1C=CC(O)CC(O)CC(=O)O,0.4374883533583451,c1ccc(-c2nc[nH]c2-c2ccccc2)cc1,train
c1cc(-c2c(-c3ccc(cc3)F)n(C=CC(CC(CC(O)=O)O)O)c(n2)C(C)(C)C)ccc1F,0.4374883533583451,c1ccc(-c2nc[nH]c2-c2ccccc2)cc1,train
n1c(-c2ccc(F)cc2)c(n(c1C(C)(C)C)C=CC(CC(CC(O)=O)O)O)-c1ccc(cc1)F,0.4374883533583451,c1ccc(-c2nc[nH]c2-c2ccccc2)cc1,train
C(CC(C=Cn1c(C(C)(C)C)nc(-c2ccc(F)cc2)c1-c1ccc(cc1)F)O)(CC(O)=O)O,0.4374883533583451,c1ccc(-c2nc[nH]c2-c2ccccc2)cc1,train
c1c(F)ccc(c1)-c1n(c(nc1-c1ccc(cc1)F)C(C)(C)C)C=CC(CC(O)CC(O)=O)O,0.4374883533583451,c1ccc(-c2nc[nH]c2-c2ccccc2)cc1,train
c1c(F)ccc(-c2n(C=CC(CC(O)CC(O)=O)O)c(nc2-c2ccc(cc2)F)C(C)(C)C)c1,0.4374883533583451,c1ccc(-c2nc[nH]c2-c2ccccc2)cc1,train
c1cc(ccc1F)-c1n(c(nc1-c1ccc(cc1)F)C(C)(C)C)C=CC(CC(CC(=O)O)O)O,0.4374883533583451,c1ccc(-c2nc[nH]c2-c2ccccc2)cc1,train
c1c(ccc(c1)-c1c(n(c(C(C)(C)C)n1)C=CC(CC(O)CC(=O)O)O)-c1ccc(cc1)F)F,0.4374883533583451,c1ccc(-c2nc[nH]c2-c2ccccc2)cc1,train
O=C(CC(CC(C=Cn1c(C(C)(C)C)nc(-c2ccc(F)cc2)c1-c1ccc(F)cc1)O)O)O,0.4374883533583451,c1ccc(-c2nc[nH]c2-c2ccccc2)cc1,train
c1c(ccc(F)c1)-c1c(nc(n1C=CC(CC(CC(O)=O)O)O)C(C)(C)C)-c1ccc(F)cc1,0.4374883533583451,c1ccc(-c2nc[nH]c2-c2ccccc2)cc1,train
c1cc(F)ccc1-c1nc(n(C=CC(O)CC(CC(=O)O)O)c1-c1ccc(F)cc1)C(C)(C)C,0.4374883533583451,c1ccc(-c2nc[nH]c2-c2ccccc2)cc1,train
c1c(ccc(c1)F)-c1nc(n(c1-c1ccc(F)cc1)C=CC(CC(CC(=O)O)O)O)C(C)(C)C,0.4374883533583451,c1ccc(-c2nc[nH]c2-c2ccccc2)cc1,train
C(C(CC(O)C=Cn1c(C(C)(C)C)nc(-c2ccc(F)cc2)c1-c1ccc(F)cc1)O)C(O)=O,0.4374883533583451,c1ccc(-c2nc[nH]c2-c2ccccc2)cc1,train
c1c(F)ccc(c1)-c1nc(n(c1-c1ccc(cc1)F)C=CC(CC(O)CC(O)=O)O)C(C)(C)C,0.4374883533583451,c1ccc(-c2nc[nH]c2-c2ccccc2)cc1,train
c1cc(ccc1-c1c(n(c(n1)C(C)(C)C)C=CC(CC(O)CC(O)=O)O)-c1ccc(cc1)F)F,0.4374883533583451,c1ccc(-c2nc[nH]c2-c2ccccc2)cc1,train
CCC(C)(C)C(=O)OC1CC(C)C=C2C=CC(C)C(CCC3CC(O)CC(=O)O3)C21,0.6390622750209786,O=C1CCCC(CCC2CC=CC3=CCCCC32)O1,train
C(C(=O)OC1C2C(C(C)C=CC2=CC(C)C1)CCC1OC(CC(C1)O)=O)(C)(CC)C,0.6390622750209786,O=C1CCCC(CCC2CC=CC3=CCCCC32)O1,train
O1C(CC(CC1CCC1C(C)C=CC2C1C(CC(C)C=2)OC(C(CC)(C)C)=O)O)=O,0.6390622750209786,O=C1CCCC(CCC2CC=CC3=CCCCC32)O1,train
O1C(=O)CC(O)CC1CCC1C2C(=CC(C)CC2OC(=O)C(CC)(C)C)C=CC1C,0.6390622750209786,O=C1CCCC(CCC2CC=CC3=CCCCC32)O1,train
O1C(CCC2C3C(CC(C)C=C3C=CC2C)OC(=O)C(C)(C)CC)CC(CC1=O)O,0.6390622750209786,O=C1CCCC(CCC2CC=CC3=CCCCC32)O1,train
C1=C2C(C(OC(=O)C(CC)(C)C)CC1C)C(CCC1CC(O)CC(=O)O1)C(C=C2)C,0.6390622750209786,O=C1CCCC(CCC2CC=CC3=CCCCC32)O1,train
O=C(OC1C2C(C(C)C=CC2=CC(C1)C)CCC1OC(CC(O)C1)=O)C(CC)(C)C,0.6390622750209786,O=C1CCCC(CCC2CC=CC3=CCCCC32)O1,train
C1(C)C=CC2C(C(CC(C)C=2)OC(=O)C(C)(CC)C)C1CCC1OC(=O)CC(C1)O,0.6390622750209786,O=C1CCCC(CCC2CC=CC3=CCCCC32)O1,train
CC(C)(CC)C(OC1C2C(CCC3CC(CC(O3)=O)O)C(C=CC2=CC(C1)C)C)=O,0.6390622750209786,O=C1CCCC(CCC2CC=CC3=CCCCC32)O1,train
C1(C=CC2C(C(CC(C=2)C)OC(C(CC)(C)C)=O)C1CCC1OC(CC(O)C1)=O)C,0.6390622750209786,O=C1CCCC(CCC2CC=CC3=CCCCC32)O1,train
C1(C2C(CCC3CC(CC(O3)=O)O)C(C)C=CC2=CC(C1)C)OC(C(C)(CC)C)=O,0.6390622750209786,O=C1CCCC(CCC2CC=CC3=CCCCC32)O1,train
O=C1OC(CC(O)C1)CCC1C2C(C=CC1C)=CC(CC2OC(=O)C(C)(CC)C)C,0.6390622750209786,O=C1CCCC(CCC2CC=CC3=CCCCC32)O1,train
CCC(C(OC1CC(C)C=C2C1C(CCC1OC(=O)CC(O)C1)C(C)C=C2)=O)(C)C,0.6390622750209786,O=C1CCCC(CCC2CC=CC3=CCCCC32)O1,train
CC(C)(CC)C(=O)OC1C2C(C=CC(C)C2CCC2OC(=O)CC(C2)O)=CC(C1)C,0.6390622750209786,O=C1CCCC(CCC2CC=CC3=CCCCC32)O1,train
C1(C(C=CC2C1C(OC(=O)C(C)(C)CC)CC(C)C=2)C)CCC1OC(CC(C1)O)=O,0.6390622750209786,O=C1CCCC(CCC2CC=CC3=CCCCC32)O1,train
CC(C)n1c(CCC(O)CC(O)CC(=O)O)c(-c2ccc(F)cc2)c2c1C(=O)N(c1ccccc1)CCC2,0.3482776352630618,O=C1c2[nH]cc(-c3ccccc3)c2CCCN1c1ccccc1,train
c1c(-c2c3c(C(=O)N(c4ccccc4)CCC3)n(C(C)C)c2CCC(CC(O)CC(=O)O)O)ccc(F)c1,0.3482776352630618,O=C1c2[nH]cc(-c3ccccc3)c2CCCN1c1ccccc1,train
c1cccc(N2CCCc3c(-c4ccc(F)cc4)c(n(C(C)C)c3C2=O)CCC(O)CC(O)CC(O)=O)c1,0.3482776352630618,O=C1c2[nH]cc(-c3ccccc3)c2CCCN1c1ccccc1,train
OC(=O)CC(O)CC(CCc1n(c2c(c1-c1ccc(cc1)F)CCCN(c1ccccc1)C2=O)C(C)C)O,0.3482776352630618,O=C1c2[nH]cc(-c3ccccc3)c2CCCN1c1ccccc1,train
c1c(N2C(c3c(c(c(n3C(C)C)CCC(CC(O)CC(=O)O)O)-c3ccc(F)cc3)CCC2)=O)cccc1,0.3482776352630618,O=C1c2[nH]cc(-c3ccccc3)c2CCCN1c1ccccc1,train
c1cccc(c1)N1C(=O)c2c(CCC1)c(-c1ccc(cc1)F)c(n2C(C)C)CCC(O)CC(O)CC(O)=O,0.3482776352630618,O=C1c2[nH]cc(-c3ccccc3)c2CCCN1c1ccccc1,train
c1c(ccc(-c2c(n(c3c2CCCN(C3=O)c2ccccc2)C(C)C)CCC(O)CC(CC(O)=O)O)c1)F,0.3482776352630618,O=C1c2[nH]cc(-c3ccccc3)c2CCCN1c1ccccc1,train
c1(CCC(O)CC(CC(=O)O)O)c(-c2ccc(F)cc2)c2c(C(N(c3ccccc3)CCC2)=O)n1C(C)C,0.3482776352630618,O=C1c2[nH]cc(-c3ccccc3)c2CCCN1c1ccccc1,train
OC(CCc1n(C(C)C)c2c(c1-c1ccc(cc1)F)CCCN(C2=O)c1ccccc1)CC(O)CC(O)=O,0.3482776352630618,O=C1c2[nH]cc(-c3ccccc3)c2CCCN1c1ccccc1,train
C(Cc1n(C(C)C)c2c(c1-c1ccc(cc1)F)CCCN(c1ccccc1)C2=O)C(O)CC(O)CC(O)=O,0.3482776352630618,O=C1c2[nH]cc(-c3ccccc3)c2CCCN1c1ccccc1,train
c1ccccc1N1CCCc2c(-c3ccc(F)cc3)c(CCC(CC(O)CC(O)=O)O)n(C(C)C)c2C1=O,0.3482776352630618,O=C1c2[nH]cc(-c3ccccc3)c2CCCN1c1ccccc1,train
c1c(ccc(-c2c3CCCN(C(c3n(C(C)C)c2CCC(O)CC(O)CC(O)=O)=O)c2ccccc2)c1)F,0.3482776352630618,O=C1c2[nH]cc(-c3ccccc3)c2CCCN1c1ccccc1,train
C1CCN(C(=O)c2n(c(c(c12)-c1ccc(cc1)F)CCC(CC(O)CC(O)=O)O)C(C)C)c1ccccc1,0.3482776352630618,O=C1c2[nH]cc(-c3ccccc3)c2CCCN1c1ccccc1,train
C1N(c2ccccc2)C(c2n(C(C)C)c(c(c2CC1)-c1ccc(F)cc1)CCC(O)CC(CC(O)=O)O)=O,0.3482776352630618,O=C1c2[nH]cc(-c3ccccc3)c2CCCN1c1ccccc1,train
OC(CC(O)CCc1c(-c2ccc(cc2)F)c2CCCN(C(c2n1C(C)C)=O)c1ccccc1)CC(O)=O,0.3482776352630618,O=C1c2[nH]cc(-c3ccccc3)c2CCCN1c1ccccc1,train
CC(C)c1c(C(=O)NCc2ccccc2)nc(-c2ccc(F)cc2)n1CCC(O)CC(O)CC(=O)O,0.3023424012331181,O=C(NCc1ccccc1)c1c[nH]c(-c2ccccc2)n1,train
c1ccccc1CNC(c1nc(-c2ccc(cc2)F)n(CCC(CC(CC(=O)O)O)O)c1C(C)C)=O,0.3023424012331181,O=C(NCc1ccccc1)c1c[nH]c(-c2ccccc2)n1,train
c1ccc(CNC(c2nc(n(c2C(C)C)CCC(CC(O)CC(O)=O)O)-c2ccc(F)cc2)=O)cc1,0.3023424012331181,O=C(NCc1ccccc1)c1c[nH]c(-c2ccccc2)n1,train
c1cc(-c2nc(c(C(C)C)n2CCC(O)CC(CC(=O)O)O)C(=O)NCc2ccccc2)ccc1F,0.3023424012331181,O=C(NCc1ccccc1)c1c[nH]c(-c2ccccc2)n1,train
C(NC(=O)c1nc(-c2ccc(F)cc2)n(c1C(C)C)CCC(CC(CC(O)=O)O)O)c1ccccc1,0.3023424012331181,O=C(NCc1ccccc1)c1c[nH]c(-c2ccccc2)n1,train
c1c(F)ccc(-c2nc(c(C(C)C)n2CCC(O)CC(O)CC(O)=O)C(NCc2ccccc2)=O)c1,0.3023424012331181,O=C(NCc1ccccc1)c1c[nH]c(-c2ccccc2)n1,train
c1(-c2nc(c(n2CCC(O)CC(O)CC(O)=O)C(C)C)C(NCc2ccccc2)=O)ccc(F)cc1,0.3023424012331181,O=C(NCc1ccccc1)c1c[nH]c(-c2ccccc2)n1,train
C(CCn1c(nc(C(NCc2ccccc2)=O)c1C(C)C)-c1ccc(cc1)F)(O)CC(O)CC(O)=O,0.3023424012331181,O=C(NCc1ccccc1)c1c[nH]c(-c2ccccc2)n1,train
OC(CC(=O)O)CC(O)CCn1c(c(C(NCc2ccccc2)=O)nc1-c1ccc(cc1)F)C(C)C,0.3023424012331181,O=C(NCc1ccccc1)c1c[nH]c(-c2ccccc2)n1,train
C(NCc1ccccc1)(=O)c1c(C(C)C)n(c(n1)-c1ccc(F)cc1)CCC(CC(CC(O)=O)O)O,0.3023424012331181,O=C(NCc1ccccc1)c1c[nH]c(-c2ccccc2)n1,train
C(NC(=O)c1nc(n(c1C(C)C)CCC(CC(O)CC(O)=O)O)-c1ccc(F)cc1)c1ccccc1,0.3023424012331181,O=C(NCc1ccccc1)c1c[nH]c(-c2ccccc2)n1,train
c1c(ccc(c1)F)-c1nc(C(NCc2ccccc2)=O)c(n1CCC(O)CC(O)CC(=O)O)C(C)C,0.3023424012331181,O=C(NCc1ccccc1)c1c[nH]c(-c2ccccc2)n1,train
C(C(CC(CCn1c(C(C)C)c(nc1-c1ccc(F)cc1)C(=O)NCc1ccccc1)O)O)C(O)=O,0.3023424012331181,O=C(NCc1ccccc1)c1c[nH]c(-c2ccccc2)n1,train
c1cc(F)ccc1-c1nc(c(C(C)C)n1CCC(O)CC(CC(O)=O)O)C(=O)NCc1ccccc1,0.3023424012331181,O=C(NCc1ccccc1)c1c[nH]c(-c2ccccc2)n1,train
C(=O)(CC(O)CC(O)CCn1c(c(nc1-c1ccc(F)cc1)C(=O)NCc1ccccc1)C(C)C)O,0.3023424012331181,O=C(NCc1ccccc1)c1c[nH]c(-c2ccccc2)n1,train
Cc1cc(F)ccc1-c1c(-c2ccc(F)cc2)nc(C(C)C)n1C=CC(O)CC(O)CC(=O)O,0.409804186811716,c1ccc(-c2nc[nH]c2-c2ccccc2)cc1,train
CC(C)c1n(C=CC(O)CC(CC(=O)O)O)c(-c2c(cc(cc2)F)C)c(n1)-c1ccc(F)cc1,0.409804186811716,c1ccc(-c2nc[nH]c2-c2ccccc2)cc1,train
n1(c(nc(c1-c1ccc(F)cc1C)-c1ccc(F)cc1)C(C)C)C=CC(O)CC(O)CC(=O)O,0.409804186811716,c1ccc(-c2nc[nH]c2-c2ccccc2)cc1,train
c1(-c2nc(n(C=CC(CC(CC(=O)O)O)O)c2-c2c(cc(cc2)F)C)C(C)C)ccc(cc1)F,0.409804186811716,c1ccc(-c2nc[nH]c2-c2ccccc2)cc1,train
C(=O)(O)CC(CC(C=Cn1c(c(nc1C(C)C)-c1ccc(F)cc1)-c1ccc(F)cc1C)O)O,0.409804186811716,c1ccc(-c2nc[nH]c2-c2ccccc2)cc1,train
CC(C)c1nc(-c2ccc(F)cc2)c(n1C=CC(O)CC(O)CC(=O)O)-c1ccc(F)cc1C,0.409804186811716,c1ccc(-c2nc[nH]c2-c2ccccc2)cc1,train
c1(c(ccc(F)c1)-c1c(nc(n1C=CC(CC(CC(O)=O)O)O)C(C)C)-c1ccc(F)cc1)C,0.409804186811716,c1ccc(-c2nc[nH]c2-c2ccccc2)cc1,train
c1(-c2n(c(C(C)C)nc2-c2ccc(F)cc2)C=CC(CC(O)CC(=O)O)O)c(C)cc(cc1)F,0.409804186811716,c1ccc(-c2nc[nH]c2-c2ccccc2)cc1,train
C(C(O)=O)C(O)CC(C=Cn1c(nc(-c2ccc(F)cc2)c1-c1ccc(F)cc1C)C(C)C)O,0.409804186811716,c1ccc(-c2nc[nH]c2-c2ccccc2)cc1,train
c1c(ccc(c1)-c1nc(n(c1-c1ccc(cc1C)F)C=CC(CC(O)CC(O)=O)O)C(C)C)F,0.409804186811716,c1ccc(-c2nc[nH]c2-c2ccccc2)cc1,train
c1c(ccc(c1)-c1nc(n(C=CC(O)CC(O)CC(O)=O)c1-c1ccc(F)cc1C)C(C)C)F,0.409804186811716,c1ccc(-c2nc[nH]c2-c2ccccc2)cc1,train
C(=CC(O)CC(CC(O)=O)O)n1c(c(-c2ccc(F)cc2)nc1C(C)C)-c1c(C)cc(cc1)F,0.409804186811716,c1ccc(-c2nc[nH]c2-c2ccccc2)cc1,train
c1(nc(n(c1-c1ccc(F)cc1C)C=CC(O)CC(O)CC(O)=O)C(C)C)-c1ccc(cc1)F,0.409804186811716,c1ccc(-c2nc[nH]c2-c2ccccc2)cc1,train
C(=CC(O)CC(O)CC(O)=O)n1c(c(nc1C(C)C)-c1ccc(cc1)F)-c1c(cc(cc1)F)C,0.409804186811716,c1ccc(-c2nc[nH]c2-c2ccccc2)cc1,train
C(=CC(CC(CC(=O)O)O)O)n1c(C(C)C)nc(c1-c1c(cc(F)cc1)C)-c1ccc(cc1)F,0.409804186811716,c1ccc(-c2nc[nH]c2-c2ccccc2)cc1,train
CCC(C)C(=O)OC1CCC=C2C=CC(C)C(CCC3CC(O)CC(=O)O3)C21,0.695389998340901,O=C1CCCC(CCC2CC=CC3=CCCCC32)O1,train
C1(C)C=CC2C(C(OC(=O)C(C)CC)CCC=2)C1CCC1CC(CC(=O)O1)O,0.695389998340901,O=C1CCCC(CCC2CC=CC3=CCCCC32)O1,train
C(CC1C2C(C=CC1C)=CCCC2OC(C(C)CC)=O)C1OC(CC(C1)O)=O,0.695389998340901,O=C1CCCC(CCC2CC=CC3=CCCCC32)O1,train
C1(OC(=O)C(C)CC)CCC=C2C=CC(C(C12)CCC1OC(=O)CC(C1)O)C,0.695389998340901,O=C1CCCC(CCC2CC=CC3=CCCCC32)O1,train
CC1C=CC2C(C(OC(=O)C(C)CC)CCC=2)C1CCC1CC(O)CC(O1)=O,0.695389998340901,O=C1CCCC(CCC2CC=CC3=CCCCC32)O1,train
C1C(C(CCC2CC(CC(O2)=O)O)C2C(C=1)=CCCC2OC(=O)C(CC)C)C,0.695389998340901,O=C1CCCC(CCC2CC=CC3=CCCCC32)O1,train
C1CC=C2C=CC(C(C2C1OC(=O)C(CC)C)CCC1OC(=O)CC(C1)O)C,0.695389998340901,O=C1CCCC(CCC2CC=CC3=CCCCC32)O1,train
C1C(C(C2C(OC(C(C)CC)=O)CCC=C2C=1)CCC1OC(=O)CC(C1)O)C,0.695389998340901,O=C1CCCC(CCC2CC=CC3=CCCCC32)O1,train
C12C(C(C)C=CC1=CCCC2OC(=O)C(CC)C)CCC1OC(CC(O)C1)=O,0.695389998340901,O=C1CCCC(CCC2CC=CC3=CCCCC32)O1,train
O=C(OC1C2C(CCC3OC(CC(O)C3)=O)C(C=CC2=CCC1)C)C(CC)C,0.695389998340901,O=C1CCCC(CCC2CC=CC3=CCCCC32)O1,train
C12C(C(OC(C(CC)C)=O)CCC=2)C(CCC2CC(CC(=O)O2)O)C(C=C1)C,0.695389998340901,O=C1CCCC(CCC2CC=CC3=CCCCC32)O1,train
C1CCC(OC(C(CC)C)=O)C2C=1C=CC(C)C2CCC1CC(CC(=O)O1)O,0.695389998340901,O=C1CCCC(CCC2CC=CC3=CCCCC32)O1,train
C1(OC(CC(C1)O)=O)CCC1C2C(C=CC1C)=CCCC2OC(=O)C(C)CC,0.695389998340901,O=C1CCCC(CCC2CC=CC3=CCCCC32)O1,train
C1C(O)CC(CCC2C(C)C=CC3C2C(OC(=O)C(C)CC)CCC=3)OC1=O,0.695389998340901,O=C1CCCC(CCC2CC=CC3=CCCCC32)O1,train
CC(CC)C(=O)OC1CCC=C2C1C(CCC1CC(CC(O1)=O)O)C(C=C2)C,0.695389998340901,O=C1CCCC(CCC2CC=CC3=CCCCC32)O1,train
CC(C)c1c(C(=O)NCc2ccccc2)nc(-c2ccc(F)c(F)c2)n1CCC(O)CC(O)CC(=O)O,0.2904248937519092,O=C(NCc1ccccc1)c1c[nH]c(-c2ccccc2)n1,val
N(Cc1ccccc1)C(c1nc(-c2cc(F)c(cc2)F)n(c1C(C)C)CCC(O)CC(O)CC(=O)O)=O,0.2904248937519092,O=C(NCc1ccccc1)c1c[nH]c(-c2ccccc2)n1,val
CC(C)c1c(nc(-c2cc(F)c(F)cc2)n1CCC(O)CC(O)CC(O)=O)C(NCc1ccccc1)=O,0.2904248937519092,O=C(NCc1ccccc1)c1c[nH]c(-c2ccccc2)n1,val
c1(CNC(c2c(C(C)C)n(CCC(CC(CC(=O)O)O)O)c(n2)-c2ccc(c(F)c2)F)=O)ccccc1,0.2904248937519092,O=C(NCc1ccccc1)c1c[nH]c(-c2ccccc2)n1,val
C(CC(CC(=O)O)O)(O)CCn1c(nc(C(NCc2ccccc2)=O)c1C(C)C)-c1ccc(F)c(c1)F,0.2904248937519092,O=C(NCc1ccccc1)c1c[nH]c(-c2ccccc2)n1,val
C(CCn1c(-c2cc(F)c(cc2)F)nc(C(NCc2ccccc2)=O)c1C(C)C)(O)CC(O)CC(O)=O,0.2904248937519092,O=C(NCc1ccccc1)c1c[nH]c(-c2ccccc2)n1,val
c1c(CNC(=O)c2nc(-c3ccc(c(c3)F)F)n(CCC(CC(O)CC(=O)O)O)c2C(C)C)cccc1,0.2904248937519092,O=C(NCc1ccccc1)c1c[nH]c(-c2ccccc2)n1,val
CC(C)c1n(c(-c2ccc(c(F)c2)F)nc1C(NCc1ccccc1)=O)CCC(CC(CC(O)=O)O)O,0.2904248937519092,O=C(NCc1ccccc1)c1c[nH]c(-c2ccccc2)n1,val
c1(nc(n(CCC(O)CC(CC(=O)O)O)c1C(C)C)-c1ccc(F)c(c1)F)C(NCc1ccccc1)=O,0.2904248937519092,O=C(NCc1ccccc1)c1c[nH]c(-c2ccccc2)n1,val
c1(c(n(c(-c2cc(F)c(F)cc2)n1)CCC(CC(CC(O)=O)O)O)C(C)C)C(=O)NCc1ccccc1,0.2904248937519092,O=C(NCc1ccccc1)c1c[nH]c(-c2ccccc2)n1,val
C(c1nc(n(c1C(C)C)CCC(CC(CC(=O)O)O)O)-c1ccc(c(F)c1)F)(NCc1ccccc1)=O,0.2904248937519092,O=C(NCc1ccccc1)c1c[nH]c(-c2ccccc2)n1,val
C(CC(O)CC(O)=O)(O)CCn1c(nc(c1C(C)C)C(NCc1ccccc1)=O)-c1ccc(F)c(F)c1,0.2904248937519092,O=C(NCc1ccccc1)c1c[nH]c(-c2ccccc2)n1,val
c1ccccc1CNC(=O)c1c(C(C)C)n(CCC(O)CC(O)CC(O)=O)c(-c2cc(c(cc2)F)F)n1,0.2904248937519092,O=C(NCc1ccccc1)c1c[nH]c(-c2ccccc2)n1,val
C(C(CCn1c(nc(c1C(C)C)C(NCc1ccccc1)=O)-c1cc(c(F)cc1)F)O)C(CC(=O)O)O,0.2904248937519092,O=C(NCc1ccccc1)c1c[nH]c(-c2ccccc2)n1,val
c1c(cccc1)CNC(=O)c1c(n(c(-c2cc(F)c(F)cc2)n1)CCC(O)CC(CC(=O)O)O)C(C)C,0.2904248937519092,O=C(NCc1ccccc1)c1c[nH]c(-c2ccccc2)n1,val
CC(C)c1cc(-c2ccncc2)c(-c2ccc(F)cc2)n1C=CC(O)CC(O)CC(=O)O,0.4559960748515062,c1ccc(-c2[nH]ccc2-c2ccncc2)cc1,train
C(C(O)=O)C(CC(C=Cn1c(cc(-c2ccncc2)c1-c1ccc(cc1)F)C(C)C)O)O,0.4559960748515062,c1ccc(-c2[nH]ccc2-c2ccncc2)cc1,train
c1c(-c2cc(C(C)C)n(C=CC(CC(CC(O)=O)O)O)c2-c2ccc(cc2)F)ccnc1,0.4559960748515062,c1ccc(-c2[nH]ccc2-c2ccncc2)cc1,train
c1(C(C)C)cc(c(n1C=CC(O)CC(CC(O)=O)O)-c1ccc(F)cc1)-c1ccncc1,0.4559960748515062,c1ccc(-c2[nH]ccc2-c2ccncc2)cc1,train
n1ccc(cc1)-c1cc(C(C)C)n(C=CC(O)CC(O)CC(O)=O)c1-c1ccc(F)cc1,0.4559960748515062,c1ccc(-c2[nH]ccc2-c2ccncc2)cc1,train
CC(C)c1cc(-c2ccncc2)c(-c2ccc(cc2)F)n1C=CC(O)CC(CC(=O)O)O,0.4559960748515062,c1ccc(-c2[nH]ccc2-c2ccncc2)cc1,train
n1ccc(cc1)-c1cc(n(C=CC(O)CC(O)CC(=O)O)c1-c1ccc(F)cc1)C(C)C,0.4559960748515062,c1ccc(-c2[nH]ccc2-c2ccncc2)cc1,train
C(C(CC(O)=O)O)C(O)C=Cn1c(cc(c1-c1ccc(F)cc1)-c1ccncc1)C(C)C,0.4559960748515062,c1ccc(-c2[nH]ccc2-c2ccncc2)cc1,train
O=C(CC(O)CC(O)C=Cn1c(c(-c2ccncc2)cc1C(C)C)-c1ccc(cc1)F)O,0.4559960748515062,c1ccc(-c2[nH]ccc2-c2ccncc2)cc1,train
c1(C(C)C)n(C=CC(CC(O)CC(=O)O)O)c(c(-c2ccncc2)c1)-c1ccc(F)cc1,0.4559960748515062,c1ccc(-c2[nH]ccc2-c2ccncc2)cc1,train
OC(=O)CC(CC(C=Cn1c(C(C)C)cc(-c2ccncc2)c1-c1ccc(cc1)F)O)O,0.4559960748515062,c1ccc(-c2[nH]ccc2-c2ccncc2)cc1,train
OC(C=Cn1c(-c2ccc(F)cc2)c(-c2ccncc2)cc1C(C)C)CC(CC(O)=O)O,0.4559960748515062,c1ccc(-c2[nH]ccc2-c2ccncc2)cc1,train
Fc1ccc(cc1)-c1c(-c2ccncc2)cc(n1C=CC(O)CC(O)CC(O)=O)C(C)C,0.4559960748515062,c1ccc(-c2[nH]ccc2-c2ccncc2)cc1,train
O=C(CC(CC(O)C=Cn1c(C(C)C)cc(c1-c1ccc(F)cc1)-c1ccncc1)O)O,0.4559960748515062,c1ccc(-c2[nH]ccc2-c2ccncc2)cc1,train
c1c(-c2ccncc2)c(n(c1C(C)C)C=CC(CC(CC(O)=O)O)O)-c1ccc(F)cc1,0.4559960748515062,c1ccc(-c2[nH]ccc2-c2ccncc2)cc1,train
CCCC1CCC(C)C(CCC(O)CC(O)CC(=O)O)C1COC(=O)C(C)(C)CC,0.3753983304550078,C1CCCCC1,train
C(O)(CCC1C(C(CCC1C)CCC)COC(C(C)(C)CC)=O)CC(CC(=O)O)O,0.3753983304550078,C1CCCCC1,train
OC(CC(CCC1C(CCC(C1COC(=O)C(C)(C)CC)CCC)C)O)CC(O)=O,0.3753983304550078,C1CCCCC1,train
C(CC)C1C(COC(=O)C(CC)(C)C)C(CCC(O)CC(O)CC(O)=O)C(CC1)C,0.3753983304550078,C1CCCCC1,train
C1C(C)C(C(C(CCC)C1)COC(C(C)(CC)C)=O)CCC(CC(CC(=O)O)O)O,0.3753983304550078,C1CCCCC1,train
C(OCC1C(CCC(C1CCC(O)CC(CC(O)=O)O)C)CCC)(=O)C(C)(CC)C,0.3753983304550078,C1CCCCC1,train
O=C(C(C)(C)CC)OCC1C(CCC(C)C1CCC(O)CC(O)CC(O)=O)CCC,0.3753983304550078,C1CCCCC1,train
CCCC1C(COC(C(CC)(C)C)=O)C(C(C)CC1)CCC(O)CC(CC(O)=O)O,0.3753983304550078,C1CCCCC1,train
O(CC1C(CCC)CCC(C)C1CCC(CC(CC(O)=O)O)O)C(=O)C(C)(C)CC,0.3753983304550078,C1CCCCC1,train
C(C(O)CC(=O)O)C(CCC1C(C(CCC)CCC1C)COC(=O)C(C)(CC)C)O,0.3753983304550078,C1CCCCC1,train
C(C1C(C(CCC1C)CCC)COC(=O)C(C)(C)CC)CC(O)CC(CC(O)=O)O,0.3753983304550078,C1CCCCC1,train
OC(CC(CCC1C(CCC(CCC)C1COC(=O)C(CC)(C)C)C)O)CC(O)=O,0.3753983304550078,C1CCCCC1,train
O=C(C(C)(C)CC)OCC1C(CCC)CCC(C)C1CCC(O)CC(O)CC(=O)O,0.3753983304550078,C1CCCCC1,train
C1CC(C)C(C(COC(C(CC)(C)C)=O)C1CCC)CCC(O)CC(CC(=O)O)O,0.3753983304550078,C1CCCCC1,train
C(C(C(=O)OCC1C(C(C)CCC1CCC)CCC(O)CC(CC(=O)O)O)(C)C)C,0.3753983304550078,C1CCCCC1,train
CC(C)c1nc(-c2ccccc2)cc(-c2ccc(F)cc2)c1CCC1CC(O)CC(=O)O1,0.5084706697797188,O=C1CCCC(CCc2cnc(-c3ccccc3)cc2-c2ccccc2)O1,train
c1(CCC2OC(CC(C2)O)=O)c(-c2ccc(F)cc2)cc(-c2ccccc2)nc1C(C)C,0.5084706697797188,O=C1CCCC(CCc2cnc(-c3ccccc3)cc2-c2ccccc2)O1,train
OC1CC(OC(=O)C1)CCc1c(-c2ccc(F)cc2)cc(-c2ccccc2)nc1C(C)C,0.5084706697797188,O=C1CCCC(CCc2cnc(-c3ccccc3)cc2-c2ccccc2)O1,train
Fc1ccc(cc1)-c1cc(-c2ccccc2)nc(c1CCC1OC(=O)CC(O)C1)C(C)C,0.5084706697797188,O=C1CCCC(CCc2cnc(-c3ccccc3)cc2-c2ccccc2)O1,train
C1C(OC(=O)CC1O)CCc1c(-c2ccc(F)cc2)cc(-c2ccccc2)nc1C(C)C,0.5084706697797188,O=C1CCCC(CCc2cnc(-c3ccccc3)cc2-c2ccccc2)O1,train
C1(CC(OC(CCc2c(-c3ccc(F)cc3)cc(-c3ccccc3)nc2C(C)C)C1)=O)O,0.5084706697797188,O=C1CCCC(CCc2cnc(-c3ccccc3)cc2-c2ccccc2)O1,train
c1c(-c2c(c(C(C)C)nc(-c3ccccc3)c2)CCC2OC(CC(C2)O)=O)ccc(F)c1,0.5084706697797188,O=C1CCCC(CCc2cnc(-c3ccccc3)cc2-c2ccccc2)O1,train
c1(c(C(C)C)nc(-c2ccccc2)cc1-c1ccc(cc1)F)CCC1OC(CC(O)C1)=O,0.5084706697797188,O=C1CCCC(CCc2cnc(-c3ccccc3)cc2-c2ccccc2)O1,train
c1(c(c(-c2ccc(cc2)F)cc(-c2ccccc2)n1)CCC1CC(O)CC(=O)O1)C(C)C,0.5084706697797188,O=C1CCCC(CCc2cnc(-c3ccccc3)cc2-c2ccccc2)O1,train
n1c(-c2ccccc2)cc(c(CCC2CC(CC(O2)=O)O)c1C(C)C)-c1ccc(cc1)F,0.5084706697797188,O=C1CCCC(CCc2cnc(-c3ccccc3)cc2-c2ccccc2)O1,train
CC(c1c(CCC2CC(O)CC(=O)O2)c(cc(-c2ccccc2)n1)-c1ccc(F)cc1)C,0.5084706697797188,O=C1CCCC(CCc2cnc(-c3ccccc3)cc2-c2ccccc2)O1,train
c1(-c2cc(-c3ccc(cc3)F)c(c(n2)C(C)C)CCC2CC(O)CC(=O)O2)ccccc1,0.5084706697797188,O=C1CCCC(CCc2cnc(-c3ccccc3)cc2-c2ccccc2)O1,train
c1(CCC2OC(CC(O)C2)=O)c(nc(-c2ccccc2)cc1-c1ccc(cc1)F)C(C)C,0.5084706697797188,O=C1CCCC(CCc2cnc(-c3ccccc3)cc2-c2ccccc2)O1,train
c1ccc(-c2nc(c(CCC3CC(O)CC(=O)O3)c(-c3ccc(F)cc3)c2)C(C)C)cc1,0.5084706697797188,O=C1CCCC(CCc2cnc(-c3ccccc3)cc2-c2ccccc2)O1,train
c1cccc(c1)-c1nc(C(C)C)c(c(c1)-c1ccc(F)cc1)CCC1OC(=O)CC(O)C1,0.5084706697797188,O=C1CCCC(CCc2cnc(-c3ccccc3)cc2-c2ccccc2)O1,train
CC(C)c1nc(-c2ccc(F)cc2)c(-c2cccc(Cl)c2)n1C=CC(O)CC(O)CC(=O)O,0.3980250320039293,c1ccc(-c2nc[nH]c2-c2ccccc2)cc1,train
C(=CC(O)CC(O)CC(O)=O)n1c(nc(-c2ccc(cc2)F)c1-c1cc(Cl)ccc1)C(C)C,0.3980250320039293,c1ccc(-c2nc[nH]c2-c2ccccc2)cc1,train
c1(cc(ccc1)-c1n(c(C(C)C)nc1-c1ccc(cc1)F)C=CC(CC(CC(=O)O)O)O)Cl,0.3980250320039293,c1ccc(-c2nc[nH]c2-c2ccccc2)cc1,train
CC(c1n(c(-c2cc(ccc2)Cl)c(n1)-c1ccc(F)cc1)C=CC(CC(CC(=O)O)O)O)C,0.3980250320039293,c1ccc(-c2nc[nH]c2-c2ccccc2)cc1,train
OC(C=Cn1c(c(-c2ccc(cc2)F)nc1C(C)C)-c1cc(Cl)ccc1)CC(O)CC(=O)O,0.3980250320039293,c1ccc(-c2nc[nH]c2-c2ccccc2)cc1,train
CC(c1nc(-c2ccc(F)cc2)c(-c2cc(ccc2)Cl)n1C=CC(CC(O)CC(=O)O)O)C,0.3980250320039293,c1ccc(-c2nc[nH]c2-c2ccccc2)cc1,train
C(C(=O)O)C(CC(C=Cn1c(nc(c1-c1cc(ccc1)Cl)-c1ccc(cc1)F)C(C)C)O)O,0.3980250320039293,c1ccc(-c2nc[nH]c2-c2ccccc2)cc1,train
O=C(CC(CC(O)C=Cn1c(-c2cccc(Cl)c2)c(-c2ccc(cc2)F)nc1C(C)C)O)O,0.3980250320039293,c1ccc(-c2nc[nH]c2-c2ccccc2)cc1,train
C(=Cn1c(nc(c1-c1cc(Cl)ccc1)-c1ccc(cc1)F)C(C)C)C(O)CC(CC(O)=O)O,0.3980250320039293,c1ccc(-c2nc[nH]c2-c2ccccc2)cc1,train
O=C(O)CC(CC(O)C=Cn1c(-c2cc(ccc2)Cl)c(nc1C(C)C)-c1ccc(F)cc1)O,0.3980250320039293,c1ccc(-c2nc[nH]c2-c2ccccc2)cc1,train
n1c(-c2ccc(F)cc2)c(-c2cccc(Cl)c2)n(c1C(C)C)C=CC(CC(O)CC(O)=O)O,0.3980250320039293,c1ccc(-c2nc[nH]c2-c2ccccc2)cc1,train
Fc1ccc(-c2c(-c3cc(ccc3)Cl)n(c(C(C)C)n2)C=CC(CC(O)CC(O)=O)O)cc1,0.3980250320039293,c1ccc(-c2nc[nH]c2-c2ccccc2)cc1,train
c1(c(-c2ccc(F)cc2)nc(n1C=CC(O)CC(CC(=O)O)O)C(C)C)-c1cc(ccc1)Cl,0.3980250320039293,c1ccc(-c2nc[nH]c2-c2ccccc2)cc1,train
c1cc(cc(-c2n(c(C(C)C)nc2-c2ccc(cc2)F)C=CC(O)CC(O)CC(O)=O)c1)Cl,0.3980250320039293,c1ccc(-c2nc[nH]c2-c2ccccc2)cc1,train
C(C=Cn1c(C(C)C)nc(-c2ccc(F)cc2)c1-c1cccc(Cl)c1)(CC(O)CC(=O)O)O,0.3980250320039293,c1ccc(-c2nc[nH]c2-c2ccccc2)cc1,train
CCC(C)C(=O)OC1CC(O)C=C2C=CC(C)C(CCC(O)CC(O)CC(=O)O)C21,0.3970837862633549,C1=CC2=CCCCC2CC1,train
OC(=O)CC(O)CC(CCC1C2C(=CC(CC2OC(=O)C(CC)C)O)C=CC1C)O,0.3970837862633549,C1=CC2=CCCCC2CC1,train
C(C(O)CC(O)CC(=O)O)CC1C(C)C=CC2=CC(CC(C12)OC(=O)C(C)CC)O,0.3970837862633549,C1=CC2=CCCCC2CC1,train
C(C(O)=O)C(O)CC(O)CCC1C2C(OC(=O)C(CC)C)CC(O)C=C2C=CC1C,0.3970837862633549,C1=CC2=CCCCC2CC1,train
C(C)(C(=O)OC1C2C(=CC(C1)O)C=CC(C2CCC(O)CC(O)CC(O)=O)C)CC,0.3970837862633549,C1=CC2=CCCCC2CC1,train
C1(O)C=C2C=CC(C(C2C(C1)OC(C(CC)C)=O)CCC(CC(O)CC(=O)O)O)C,0.3970837862633549,C1=CC2=CCCCC2CC1,train
OC(CC(CCC1C2C(OC(C(CC)C)=O)CC(C=C2C=CC1C)O)O)CC(=O)O,0.3970837862633549,C1=CC2=CCCCC2CC1,train
CCC(C)C(OC1CC(C=C2C1C(C(C=C2)C)CCC(O)CC(CC(O)=O)O)O)=O,0.3970837862633549,C1=CC2=CCCCC2CC1,train
C(C(C)CC)(=O)OC1C2C(C(C=CC2=CC(C1)O)C)CCC(CC(O)CC(=O)O)O,0.3970837862633549,C1=CC2=CCCCC2CC1,train
C1C(O)CC(OC(C(C)CC)=O)C2C=1C=CC(C2CCC(CC(O)CC(O)=O)O)C,0.3970837862633549,C1=CC2=CCCCC2CC1,train
C1(C2C(=CC(O)CC2OC(=O)C(CC)C)C=CC1C)CCC(O)CC(O)CC(O)=O,0.3970837862633549,C1=CC2=CCCCC2CC1,train
C1=C2C=CC(C(CCC(CC(CC(=O)O)O)O)C2C(CC1O)OC(C(C)CC)=O)C,0.3970837862633549,C1=CC2=CCCCC2CC1,train
OC1CC(C2C(=C1)C=CC(C)C2CCC(CC(O)CC(=O)O)O)OC(=O)C(CC)C,0.3970837862633549,C1=CC2=CCCCC2CC1,train
OC(CC(=O)O)CC(O)CCC1C2C(OC(=O)C(CC)C)CC(C=C2C=CC1C)O,0.3970837862633549,C1=CC2=CCCCC2CC1,train
C1=CC(C)C(C2C(CC(O)C=C12)OC(C(CC)C)=O)CCC(O)CC(O)CC(O)=O,0.3970837862633549,C1=CC2=CCCCC2CC1,train
CC(C)n1c(C(=O)NCc2cccc(F)c2)nc(-c2ccc(F)cc2)c1CCC(O)CC(O)CC(=O)O,0.2904248937519092,O=C(NCc1ccccc1)c1nc(-c2ccccc2)c[nH]1,train
c1cc(F)ccc1-c1nc(C(NCc2cc(ccc2)F)=O)n(c1CCC(O)CC(O)CC(=O)O)C(C)C,0.2904248937519092,O=C(NCc1ccccc1)c1nc(-c2ccccc2)c[nH]1,train
n1c(-c2ccc(F)cc2)c(CCC(CC(O)CC(O)=O)O)n(C(C)C)c1C(=O)NCc1cccc(F)c1,0.2904248937519092,O=C(NCc1ccccc1)c1nc(-c2ccccc2)c[nH]1,train
Fc1ccc(cc1)-c1nc(C(NCc2cc(ccc2)F)=O)n(C(C)C)c1CCC(CC(O)CC(=O)O)O,0.2904248937519092,O=C(NCc1ccccc1)c1nc(-c2ccccc2)c[nH]1,train
C(CCc1n(c(nc1-c1ccc(cc1)F)C(=O)NCc1cccc(F)c1)C(C)C)(CC(O)CC(O)=O)O,0.2904248937519092,O=C(NCc1ccccc1)c1nc(-c2ccccc2)c[nH]1,train
OC(CC(CC(CCc1n(c(nc1-c1ccc(F)cc1)C(=O)NCc1cc(F)ccc1)C(C)C)O)O)=O,0.2904248937519092,O=C(NCc1ccccc1)c1nc(-c2ccccc2)c[nH]1,train
n1(C(C)C)c(nc(-c2ccc(cc2)F)c1CCC(O)CC(CC(=O)O)O)C(NCc1cccc(F)c1)=O,0.2904248937519092,O=C(NCc1ccccc1)c1nc(-c2ccccc2)c[nH]1,train
c1(cccc(F)c1)CNC(c1n(C(C)C)c(CCC(CC(O)CC(O)=O)O)c(n1)-c1ccc(cc1)F)=O,0.2904248937519092,O=C(NCc1ccccc1)c1nc(-c2ccccc2)c[nH]1,train
C(CC(O)CCc1c(-c2ccc(F)cc2)nc(n1C(C)C)C(=O)NCc1cccc(F)c1)(CC(O)=O)O,0.2904248937519092,O=C(NCc1ccccc1)c1nc(-c2ccccc2)c[nH]1,train
OC(=O)CC(CC(O)CCc1n(C(C)C)c(nc1-c1ccc(F)cc1)C(=O)NCc1cc(ccc1)F)O,0.2904248937519092,O=C(NCc1ccccc1)c1nc(-c2ccccc2)c[nH]1,train
c1(nc(C(=O)NCc2cccc(F)c2)n(c1CCC(CC(O)CC(=O)O)O)C(C)C)-c1ccc(cc1)F,0.2904248937519092,O=C(NCc1ccccc1)c1nc(-c2ccccc2)c[nH]1,train
C(CC(CCc1c(-c2ccc(F)cc2)nc(C(=O)NCc2cc(ccc2)F)n1C(C)C)O)(CC(=O)O)O,0.2904248937519092,O=C(NCc1ccccc1)c1nc(-c2ccccc2)c[nH]1,train
C(CC(O)=O)(O)CC(O)CCc1c(nc(C(NCc2cccc(c2)F)=O)n1C(C)C)-c1ccc(cc1)F,0.2904248937519092,O=C(NCc1ccccc1)c1nc(-c2ccccc2)c[nH]1,train
C(CC(O)=O)(CC(CCc1n(C(C)C)c(C(NCc2cc(F)ccc2)=O)nc1-c1ccc(F)cc1)O)O,0.2904248937519092,O=C(NCc1ccccc1)c1nc(-c2ccccc2)c[nH]1,train
c1(ccc(-c2nc(n(c2CCC(O)CC(CC(=O)O)O)C(C)C)C(=O)NCc2cc(ccc2)F)cc1)F,0.2904248937519092,O=C(NCc1ccccc1)c1nc(-c2ccccc2)c[nH]1,train
Cc1cc(-c2c(-c3ccc(F)cc3)nc(C(C)C)n2C=CC(O)CC(O)CC(=O)O)cc(C)c1F,0.3834737418475131,c1ccc(-c2nc[nH]c2-c2ccccc2)cc1,val
n1(c(c(nc1C(C)C)-c1ccc(cc1)F)-c1cc(c(c(C)c1)F)C)C=CC(O)CC(O)CC(O)=O,0.3834737418475131,c1ccc(-c2nc[nH]c2-c2ccccc2)cc1,val
C(C(CC(CC(O)=O)O)O)=Cn1c(c(nc1C(C)C)-c1ccc(cc1)F)-c1cc(c(c(C)c1)F)C,0.3834737418475131,c1ccc(-c2nc[nH]c2-c2ccccc2)cc1,val
OC(CC(O)CC(O)=O)C=Cn1c(c(nc1C(C)C)-c1ccc(cc1)F)-c1cc(c(F)c(C)c1)C,0.3834737418475131,c1ccc(-c2nc[nH]c2-c2ccccc2)cc1,val
c1(-c2cc(C)c(c(c2)C)F)n(C=CC(O)CC(CC(=O)O)O)c(nc1-c1ccc(cc1)F)C(C)C,0.3834737418475131,c1ccc(-c2nc[nH]c2-c2ccccc2)cc1,val
c1(C)c(c(cc(c1)-c1c(-c2ccc(cc2)F)nc(C(C)C)n1C=CC(O)CC(CC(=O)O)O)C)F,0.3834737418475131,c1ccc(-c2nc[nH]c2-c2ccccc2)cc1,val
n1(C=CC(CC(O)CC(O)=O)O)c(-c2cc(c(c(C)c2)F)C)c(nc1C(C)C)-c1ccc(cc1)F,0.3834737418475131,c1ccc(-c2nc[nH]c2-c2ccccc2)cc1,val
Cc1cc(cc(C)c1F)-c1c(nc(n1C=CC(CC(CC(=O)O)O)O)C(C)C)-c1ccc(F)cc1,0.3834737418475131,c1ccc(-c2nc[nH]c2-c2ccccc2)cc1,val
C(CC(O)C=Cn1c(-c2cc(C)c(c(c2)C)F)c(-c2ccc(cc2)F)nc1C(C)C)(CC(O)=O)O,0.3834737418475131,c1ccc(-c2nc[nH]c2-c2ccccc2)cc1,val
C(O)(C=Cn1c(C(C)C)nc(-c2ccc(cc2)F)c1-c1cc(C)c(c(C)c1)F)CC(O)CC(=O)O,0.3834737418475131,c1ccc(-c2nc[nH]c2-c2ccccc2)cc1,val
OC(CC(O)=O)CC(C=Cn1c(nc(c1-c1cc(c(c(c1)C)F)C)-c1ccc(F)cc1)C(C)C)O,0.3834737418475131,c1ccc(-c2nc[nH]c2-c2ccccc2)cc1,val
C(CC(O)=O)(O)CC(C=Cn1c(C(C)C)nc(-c2ccc(F)cc2)c1-c1cc(C)c(c(c1)C)F)O,0.3834737418475131,c1ccc(-c2nc[nH]c2-c2ccccc2)cc1,val
c1(-c2n(C=CC(CC(CC(=O)O)O)O)c(C(C)C)nc2-c2ccc(cc2)F)cc(C)c(F)c(c1)C,0.3834737418475131,c1ccc(-c2nc[nH]c2-c2ccccc2)cc1,val
OC(=O)CC(CC(O)C=Cn1c(C(C)C)nc(-c2ccc(F)cc2)c1-c1cc(c(c(C)c1)F)C)O,0.3834737418475131,c1ccc(-c2nc[nH]c2-c2ccccc2)cc1,val
C(CC(O)C=Cn1c(C(C)C)nc(c1-c1cc(C)c(F)c(c1)C)-c1ccc(F)cc1)(CC(=O)O)O,0.3834737418475131,c1ccc(-c2nc[nH]c2-c2ccccc2)cc1,val
CC(C)c1c(-c2ccc(F)cc2)nc(-c2ccc(F)cc2)n1C=CC(O)CC(O)CC(=O)O,0.4347445242149645,c1ccc(-c2c[nH]c(-c3ccccc3)n2)cc1,train
c1(-c2ccc(cc2)F)n(C=CC(CC(O)CC(=O)O)O)c(C(C)C)c(-c2ccc(F)cc2)n1,0.4347445242149645,c1ccc(-c2c[nH]c(-c3ccccc3)n2)cc1,train
C(=CC(O)CC(O)CC(=O)O)n1c(-c2ccc(cc2)F)nc(-c2ccc(cc2)F)c1C(C)C,0.4347445242149645,c1ccc(-c2c[nH]c(-c3ccccc3)n2)cc1,train
n1(C=CC(O)CC(CC(O)=O)O)c(C(C)C)c(nc1-c1ccc(cc1)F)-c1ccc(cc1)F,0.4347445242149645,c1ccc(-c2c[nH]c(-c3ccccc3)n2)cc1,train
c1(nc(-c2ccc(cc2)F)n(c1C(C)C)C=CC(O)CC(O)CC(=O)O)-c1ccc(cc1)F,0.4347445242149645,c1ccc(-c2c[nH]c(-c3ccccc3)n2)cc1,train
C(C(=O)O)C(O)CC(O)C=Cn1c(c(-c2ccc(cc2)F)nc1-c1ccc(cc1)F)C(C)C,0.4347445242149645,c1ccc(-c2c[nH]c(-c3ccccc3)n2)cc1,train
c1c(ccc(F)c1)-c1n(C=CC(O)CC(CC(O)=O)O)c(c(-c2ccc(F)cc2)n1)C(C)C,0.4347445242149645,c1ccc(-c2c[nH]c(-c3ccccc3)n2)cc1,train
n1(C=CC(CC(CC(=O)O)O)O)c(nc(c1C(C)C)-c1ccc(cc1)F)-c1ccc(F)cc1,0.4347445242149645,c1ccc(-c2c[nH]c(-c3ccccc3)n2)cc1,train
C(CC(O)CC(=O)O)(O)C=Cn1c(-c2ccc(F)cc2)nc(-c2ccc(F)cc2)c1C(C)C,0.4347445242149645,c1ccc(-c2c[nH]c(-c3ccccc3)n2)cc1,train
c1cc(-c2nc(-c3ccc(cc3)F)n(c2C(C)C)C=CC(O)CC(O)CC(O)=O)ccc1F,0.4347445242149645,c1ccc(-c2c[nH]c(-c3ccccc3)n2)cc1,train
c1c(ccc(-c2n(c(c(n2)-c2ccc(F)cc2)C(C)C)C=CC(CC(O)CC(=O)O)O)c1)F,0.4347445242149645,c1ccc(-c2c[nH]c(-c3ccccc3)n2)cc1,train
n1(C=CC(O)CC(O)CC(=O)O)c(-c2ccc(cc2)F)nc(c1C(C)C)-c1ccc(cc1)F,0.4347445242149645,c1ccc(-c2c[nH]c(-c3ccccc3)n2)cc1,train
c1(-c2c(n(c(-c3ccc(cc3)F)n2)C=CC(CC(O)CC(=O)O)O)C(C)C)ccc(F)cc1,0.4347445242149645,c1ccc(-c2c[nH]c(-c3ccccc3)n2)cc1,train
c1cc(F)ccc1-c1nc(c(C(C)C)n1C=CC(CC(CC(=O)O)O)O)-c1ccc(F)cc1,0.4347445242149645,c1ccc(-c2c[nH]c(-c3ccccc3)n2)cc1,train
c1cc(ccc1-c1nc(-c2ccc(cc2)F)c(C(C)C)n1C=CC(O)CC(O)CC(O)=O)F,0.4347445242149645,c1ccc(-c2c[nH]c(-c3ccccc3)n2)cc1,train
CCC(C)(C)C(=O)OC1C2C(=CC(C)C1C(O)c1ccccc1)C=CC(C)C2CCC1CC(O)CC(=O)O1,0.4336038989642279,O=C1CCCC(CCC2CC=CC3=CCC(Cc4ccccc4)CC32)O1,train
c1ccccc1C(O)C1C(OC(=O)C(CC)(C)C)C2C(C=CC(C)C2CCC2OC(=O)CC(O)C2)=CC1C,0.4336038989642279,O=C1CCCC(CCC2CC=CC3=CCC(Cc4ccccc4)CC32)O1,train
C1(CCC2OC(=O)CC(C2)O)C2C(=CC(C(C2OC(C(C)(CC)C)=O)C(c2ccccc2)O)C)C=CC1C,0.4336038989642279,O=C1CCCC(CCC2CC=CC3=CCC(Cc4ccccc4)CC32)O1,train
C1(C=C2C(C(OC(=O)C(CC)(C)C)C1C(O)c1ccccc1)C(C(C)C=C2)CCC1CC(O)CC(=O)O1)C,0.4336038989642279,O=C1CCCC(CCC2CC=CC3=CCC(Cc4ccccc4)CC32)O1,train
CC1C(CCC2CC(CC(=O)O2)O)C2C(C(C(c3ccccc3)O)C(C)C=C2C=C1)OC(C(CC)(C)C)=O,0.4336038989642279,O=C1CCCC(CCC2CC=CC3=CCC(Cc4ccccc4)CC32)O1,train
C(C(C)(CC)C)(OC1C(C(C)C=C2C1C(C(C)C=C2)CCC1OC(=O)CC(C1)O)C(O)c1ccccc1)=O,0.4336038989642279,O=C1CCCC(CCC2CC=CC3=CCC(Cc4ccccc4)CC32)O1,train
c1cccc(c1)C(C1C(C2C(C(C=CC2=CC1C)C)CCC1OC(=O)CC(O)C1)OC(=O)C(C)(CC)C)O,0.4336038989642279,O=C1CCCC(CCC2CC=CC3=CCC(Cc4ccccc4)CC32)O1,train
C1C2C(C(OC(C(C)(C)CC)=O)C(C(O)c3ccccc3)C(C)C=2)C(C(C)C=1)CCC1OC(CC(O)C1)=O,0.4336038989642279,O=C1CCCC(CCC2CC=CC3=CCC(Cc4ccccc4)CC32)O1,train
c1c(C(C2C(OC(=O)C(C)(C)CC)C3C(C=CC(C)C3CCC3CC(CC(=O)O3)O)=CC2C)O)cccc1,0.4336038989642279,O=C1CCCC(CCC2CC=CC3=CCC(Cc4ccccc4)CC32)O1,train
O=C1CC(O)CC(O1)CCC1C2C(=CC(C)C(C(O)c3ccccc3)C2OC(=O)C(C)(C)CC)C=CC1C,0.4336038989642279,O=C1CCCC(CCC2CC=CC3=CCC(Cc4ccccc4)CC32)O1,train
O1C(=O)CC(CC1CCC1C2C(OC(C(C)(C)CC)=O)C(C(C)C=C2C=CC1C)C(c1ccccc1)O)O,0.4336038989642279,O=C1CCCC(CCC2CC=CC3=CCC(Cc4ccccc4)CC32)O1,train
c1ccc(C(C2C(C)C=C3C(C(CCC4OC(CC(C4)O)=O)C(C=C3)C)C2OC(=O)C(C)(C)CC)O)cc1,0.4336038989642279,O=C1CCCC(CCC2CC=CC3=CCC(Cc4ccccc4)CC32)O1,train
C(=O)(C(C)(CC)C)OC1C2C(CCC3OC(=O)CC(C3)O)C(C)C=CC2=CC(C1C(O)c1ccccc1)C,0.4336038989642279,O=C1CCCC(CCC2CC=CC3=CCC(Cc4ccccc4)CC32)O1,train
CCC(C(OC1C(C(O)c2ccccc2)C(C=C2C=CC(C)C(C12)CCC1CC(O)CC(O1)=O)C)=O)(C)C,0.4336038989642279,O=C1CCCC(CCC2CC=CC3=CCC(Cc4ccccc4)CC32)O1,train
C12C=CC(C(CCC3OC(CC(O)C3)=O)C1C(OC(C(C)(C)CC)=O)C(C(c1ccccc1)O)C(C=2)C)C,0.4336038989642279,O=C1CCCC(CCC2CC=CC3=CCC(Cc4ccccc4)CC32)O1,train
